voter_id,name,age,gender,race,income,location,party,abortion_view,gun_control_view,immigration_view,voted_2016,voted_2018,voted_2020,voted_2022,voted_2024,last_vote
84891255,Darnell Johnson,43,Male,Black,High,Urban,Democrat,1.6,2.3,1.6,No,Yes,No,No,Yes,2024
76236989,Elizabeth Johnson,62,Female,White,High,Suburban,Democrat,2.2,1.4,0.9,Yes,Yes,Yes,Yes,Yes,2024
58261217,Woo Jung,86,Male,Asian,Low,Suburban,Democrat,2.2,1.4,1.5,No,No,No,No,No,2014
39895612,Malik Anderson,28,Male,Black,Low,Urban,Democrat,0.8,1.1,2.1,No,No,Yes,No,Yes,2024
94821339,Darius Moore,38,Male,Black,Middle,Suburban,Democrat,1.2,2.1,1.2,Yes,No,No,No,Yes,2024
8325169,Susan Brown,79,Female,White,Low,Rural,Republican,-2.5,-2.7,-3.0,Yes,Yes,No,Yes,No,2022
23924079,Luis Gonzalez,46,Male,Hispanic,High,Suburban,Republican,-3.0,-1.5,-1.6,No,No,Yes,No,Yes,2024
15027052,Elizabeth Davis,25,Female,White,High,Urban,Republican,-2.1,-2.5,-1.6,NA,Yes,Yes,No,Yes,2024
79641567,Sarah Rodriguez,63,Female,White,High,Urban,Republican,-2.2,-1.6,-3.0,No,Yes,Yes,Yes,Yes,2024
81340714,Ana Torres,71,Female,Hispanic,Middle,Suburban,Democrat,2.4,1.8,1.3,Yes,Yes,No,Yes,Yes,2024
92802875,Richard Jones,55,Male,White,Low,Urban,Republican,-1.4,-1.4,-2.8,Yes,Yes,Yes,No,Yes,2024
56318996,Thomas Wilson,86,Male,White,Middle,Rural,Republican,-2.4,-3.0,-2.4,Yes,No,No,No,No,2016
10499330,Linda Davis,50,Female,White,Middle,Urban,Democrat,1.5,2.8,2.3,Yes,Yes,Yes,Yes,Yes,2024
59880282,Charles Garcia,79,Male,White,Low,Suburban,Democrat,2.4,2.2,1.2,Yes,No,No,No,Yes,2024
3904444,James Davis,32,Male,White,Middle,Urban,Republican,-1.8,-1.4,-2.1,No,Yes,No,Yes,Yes,2024
85195179,John Johnson,83,Male,White,Low,Urban,Republican,-2.5,-2.0,-2.3,No,No,No,No,Yes,2024
97073093,William Davis,73,Male,White,Middle,Rural,Republican,-2.6,-1.9,-1.4,No,No,Yes,No,Yes,2024
38015441,Jennifer Miller,27,Female,White,Middle,Urban,Republican,-2.0,-1.6,-1.8,Yes,Yes,No,Yes,No,2022
39200093,Michael Smith,66,Male,White,High,Suburban,Republican,-3.0,-1.8,-2.2,No,No,Yes,No,Yes,2024
47284481,John Wilson,54,Male,White,High,Suburban,Democrat,2.0,2.3,1.6,Yes,Yes,Yes,No,Yes,2024
24688908,David Davis,19,Male,White,Middle,Urban,Democrat,2.0,1.9,1.3,NA,NA,NA,NA,Yes,2024
8716084,Li Yang,83,Male,Asian,Low,Rural,Republican,-3.0,-3.0,-1.6,Yes,Yes,Yes,Yes,Yes,2024
65314902,Jose Hernandez,81,Male,Hispanic,High,Suburban,Republican,-2.1,-2.4,-1.5,No,Yes,No,Yes,Yes,2024
37275128,James Jones,59,Male,White,Middle,Suburban,Republican,-1.4,-3.0,-1.4,Yes,No,Yes,Yes,Yes,2024
97587258,Nia Davis,46,Female,Black,High,Rural,Democrat,1.7,0.6,1.7,Yes,No,No,Yes,No,2022
86301937,Mary Jones,24,Female,White,Middle,Suburban,Republican,-2.4,-3.0,-2.6,NA,NA,Yes,No,Yes,2024
8739911,Mary Wilson,75,Female,White,Middle,Rural,Democrat,2.3,1.7,1.4,Yes,Yes,Yes,Yes,Yes,2024
18646015,Carmen Perez,21,Female,Hispanic,Low,Urban,Republican,-2.5,-2.1,-1.6,NA,NA,NA,Yes,No,2022
72840269,Luis Torres,36,Male,Hispanic,Low,Rural,Republican,-2.0,-2.5,-2.1,Yes,Yes,Yes,No,Yes,2024
2912150,Maria Torres,76,Female,Hispanic,Low,Urban,Democrat,1.7,2.6,1.6,Yes,Yes,Yes,Yes,Yes,2024
99578037,Andre Brown,18,Male,Black,Middle,Rural,Democrat,1.6,1.7,1.7,NA,NA,NA,NA,NA,2014
73803549,Jesus Garcia,74,Male,Hispanic,High,Rural,Republican,-3.0,-2.4,-3.0,No,No,Yes,Yes,No,2022
87482259,Joseph Jones,86,Male,White,High,Rural,Republican,-2.2,-2.6,-1.9,Yes,Yes,No,Yes,Yes,2024
82297593,John Brown,75,Male,White,High,Urban,Republican,-3.0,-1.2,-2.2,Yes,Yes,Yes,Yes,No,2022
37741651,Andre Williams,19,Male,Black,Low,Urban,Democrat,1.5,1.9,1.5,NA,NA,NA,NA,No,2014
73436868,Linda Smith,20,Female,White,Middle,Urban,Democrat,2.5,2.2,1.8,NA,NA,NA,NA,Yes,2024
12083565,LaToya Davis,21,Female,Black,High,Urban,Democrat,2.7,2.6,1.1,NA,NA,NA,Yes,Yes,2024
98536117,Jessica Garcia,20,Female,White,High,Suburban,Republican,-2.0,-2.3,-1.8,NA,NA,NA,NA,Yes,2024
20056937,Maria Martinez,80,Female,Hispanic,Low,Rural,Democrat,2.7,2.4,1.3,Yes,No,Yes,Yes,Yes,2024
57757789,Luis Sanchez,45,Male,Hispanic,Middle,Urban,Democrat,1.5,2.0,2.0,Yes,No,Yes,No,No,2020
81065133,Sarah Rodriguez,66,Female,White,Low,Urban,Democrat,2.4,2.4,1.2,No,No,Yes,No,Yes,2024
45974539,Jose Gonzalez,71,Male,Hispanic,Middle,Urban,Democrat,2.0,3.0,0.6,Yes,No,Yes,Yes,No,2022
74975366,Carlos Perez,39,Male,Hispanic,Low,Suburban,Democrat,1.9,2.0,2.2,Yes,Yes,Yes,No,Yes,2024
4950299,Jesus Sanchez,27,Male,Hispanic,Middle,Suburban,Democrat,1.5,1.9,2.3,Yes,Yes,Yes,Yes,Yes,2024
94579861,Patricia Rodriguez,43,Female,White,High,Urban,Republican,-1.8,-1.7,-2.1,Yes,No,No,No,No,2016
27039018,Alejandro Garcia,67,Male,Hispanic,Middle,Urban,Democrat,0.8,2.8,1.9,Yes,No,Yes,No,No,2020
9457590,Jennifer Brown,50,Female,White,Middle,Rural,Republican,-2.5,-2.3,-2.7,No,Yes,No,Yes,Yes,2024
83478171,William Wilson,49,Male,White,Middle,Urban,Republican,-1.6,-2.4,-2.5,No,Yes,No,No,Yes,2024
36351759,Marcus Wilson,21,Male,Black,Middle,Urban,Democrat,2.0,1.8,1.0,NA,NA,NA,No,Yes,2024
9496657,Teresa Hernandez,57,Female,Hispanic,Middle,Rural,Democrat,2.5,2.8,1.7,Yes,Yes,Yes,No,Yes,2024
51434056,Linda Davis,88,Female,White,Middle,Urban,Democrat,2.6,2.7,2.0,Yes,No,No,No,Yes,2024
83404123,Michael Williams,51,Male,White,Middle,Suburban,Republican,-2.0,-3.0,-2.6,No,No,Yes,Yes,No,2022
19768563,Charles Smith,44,Male,White,Middle,Suburban,Republican,-1.1,-2.9,-2.1,Yes,No,Yes,No,Yes,2024
33823754,Michael Johnson,46,Male,White,Low,Urban,Independent,0.5,-2.4,1.1,Yes,Yes,Yes,No,Yes,2024
22667948,Raj Singh,71,Male,Asian,High,Suburban,Independent,-0.8,-1.4,-2.4,No,Yes,No,Yes,No,2022
92578134,Guadalupe Martinez,41,Female,Hispanic,Middle,Rural,Republican,-2.5,-1.7,-3.0,No,No,No,No,No,2014
35890345,Nia Anderson,42,Female,Black,High,Urban,Democrat,1.6,2.5,0.9,Yes,Yes,Yes,Yes,No,2022
64575484,Jessica Rodriguez,19,Female,White,Middle,Urban,Democrat,2.8,1.6,1.8,NA,NA,NA,NA,Yes,2024
13392806,Aaliyah Anderson,46,Female,Black,High,Urban,Democrat,2.8,1.4,2.1,Yes,No,Yes,Yes,Yes,2024
90772395,Richard Miller,35,Male,White,Low,Urban,Republican,-2.2,-1.2,-1.5,Yes,No,Yes,No,Yes,2024
43611944,Vihaan Reddy,84,Male,Asian,Low,Suburban,Republican,-2.2,-2.4,-1.3,No,No,No,Yes,Yes,2024
58809388,Maria Torres,31,Female,Hispanic,Middle,Rural,Independent,-1.3,0.2,2.5,No,Yes,Yes,No,No,2020
70214796,Charles Brown,18,Male,White,Middle,Urban,Independent,-3.0,1.1,-2.3,NA,NA,NA,NA,NA,2014
31457748,Patricia Jones,57,Female,White,Middle,Suburban,Republican,-1.0,-2.4,-1.6,Yes,No,Yes,Yes,No,2022
22052153,Andre Anderson,30,Male,Black,Middle,Suburban,Democrat,2.7,2.2,2.5,No,No,No,Yes,Yes,2024
40152123,Susan Rodriguez,39,Female,White,Low,Rural,Republican,-2.4,-1.8,-2.8,Yes,Yes,No,No,Yes,2024
15759732,Zhang Lei,39,Male,Asian,Middle,Rural,Democrat,1.9,1.9,2.3,No,No,Yes,No,No,2020
18427349,Elizabeth Williams,64,Female,White,High,Rural,Democrat,2.3,1.5,1.6,Yes,Yes,Yes,No,Yes,2024
58524365,Chen Xin,30,Male,Asian,High,Suburban,Republican,-2.1,-3.0,-2.4,Yes,No,Yes,Yes,No,2022
11624472,Jesus Ramirez,63,Male,Hispanic,Middle,Urban,Republican,-2.0,-2.4,-2.1,Yes,Yes,Yes,Yes,Yes,2024
338831,Jennifer Miller,81,Female,White,High,Urban,Democrat,2.5,2.8,1.4,Yes,Yes,Yes,No,Yes,2024
27193963,Jennifer Brown,82,Female,White,Middle,Suburban,Independent,3.0,0.6,-0.5,No,No,Yes,Yes,No,2022
78856997,Karen Smith,57,Female,White,Low,Rural,Republican,-2.5,-2.3,-2.9,Yes,Yes,Yes,No,No,2020
99508822,Thomas Brown,30,Male,White,Low,Urban,Republican,-3.0,-1.6,-2.1,No,Yes,Yes,Yes,Yes,2024
3308983,Karen Smith,28,Female,White,Low,Urban,Democrat,2.0,1.2,1.3,No,No,Yes,No,Yes,2024
68667522,Sarah Davis,49,Female,White,High,Urban,Republican,-1.5,-3.0,-3.0,Yes,No,Yes,Yes,Yes,2024
47148582,William Johnson,87,Male,White,Middle,Rural,Republican,-3.0,-2.0,-1.8,No,Yes,No,Yes,No,2022
96112059,Darnell Taylor,61,Male,Black,Low,Rural,Democrat,1.9,2.3,2.3,No,Yes,Yes,No,No,2020
42188777,Miguel Martinez,90,Male,Hispanic,High,Urban,Independent,0.5,-0.1,-0.4,No,No,No,Yes,No,2022
1648772,Teresa Perez,66,Female,Hispanic,Middle,Suburban,Democrat,2.1,3.0,0.9,Yes,Yes,Yes,Yes,Yes,2024
67634441,Nancy Wilson,79,Female,White,Middle,Urban,Democrat,2.1,2.3,1.0,Yes,No,Yes,No,Yes,2024
70406039,Tanisha Davis,58,Female,Black,Middle,Urban,Democrat,2.6,1.8,1.2,Yes,Yes,Yes,No,Yes,2024
90568732,Jesus Perez,53,Male,Hispanic,Middle,Suburban,Republican,-2.2,-2.6,-2.1,Yes,Yes,Yes,No,Yes,2024
24291640,Joon Park,29,Male,Asian,High,Urban,Democrat,1.1,2.6,2.2,No,No,No,No,Yes,2024
34473953,John Miller,27,Male,White,High,Suburban,Republican,-2.5,-1.7,-1.5,Yes,Yes,Yes,Yes,No,2022
924155,David Miller,46,Male,White,High,Suburban,Republican,-2.4,-2.6,-1.8,No,Yes,Yes,Yes,Yes,2024
58506362,Darius Moore,59,Male,Black,Middle,Suburban,Democrat,2.2,1.1,1.4,No,Yes,Yes,No,Yes,2024
10074868,Nancy Brown,80,Female,White,Middle,Urban,Republican,-1.6,-1.6,-2.0,Yes,Yes,Yes,Yes,Yes,2024
83611214,David Miller,68,Male,White,High,Urban,Independent,-0.2,-0.4,1.3,No,Yes,Yes,No,Yes,2024
80538075,John Johnson,20,Male,White,High,Urban,Republican,-2.6,-3.0,-2.1,NA,NA,NA,NA,Yes,2024
32919934,James Brown,28,Male,White,Low,Suburban,Republican,-2.2,-2.4,-1.4,Yes,Yes,Yes,Yes,Yes,2024
41525210,Antonio Sanchez,79,Male,Hispanic,Low,Suburban,Independent,-0.7,-0.1,0.3,No,Yes,Yes,Yes,Yes,2024
25862571,Li Bin,73,Male,Asian,Low,Suburban,Republican,-2.6,-2.8,-2.8,Yes,No,No,No,Yes,2024
80269741,Ji Kim,81,Female,Asian,High,Rural,Republican,-1.0,-1.8,-2.0,Yes,Yes,Yes,No,No,2020
12835467,Karen Williams,51,Female,White,Middle,Urban,Democrat,1.6,2.3,1.7,Yes,No,No,No,Yes,2024
94204274,Susan Davis,40,Female,White,Middle,Urban,Republican,-2.5,-3.0,-1.7,No,No,Yes,No,No,2020
47539441,Jennifer Jones,50,Female,White,Middle,Suburban,Democrat,2.6,2.4,2.9,Yes,Yes,Yes,No,Yes,2024
65182865,David Miller,30,Male,White,Middle,Rural,Republican,-2.4,-3.0,-1.6,Yes,No,Yes,Yes,No,2022
67304074,Tremayne Johnson,56,Male,Black,Middle,Rural,Democrat,1.6,2.6,1.8,Yes,Yes,Yes,No,No,2020
40856257,Sarah Miller,82,Female,White,Low,Suburban,Republican,-2.5,-1.8,-1.7,No,Yes,Yes,No,Yes,2024
6552442,Richard Wilson,49,Male,White,Low,Suburban,Republican,-2.3,-1.4,-2.1,No,No,Yes,No,Yes,2024
5041703,Patricia Wilson,48,Female,White,High,Suburban,Democrat,1.4,0.8,1.1,Yes,No,Yes,Yes,No,2022
15236761,John Rodriguez,57,Male,White,Middle,Rural,Republican,-1.2,-3.0,-2.0,No,No,Yes,Yes,Yes,2024
55162173,Jennifer Wilson,35,Female,White,Middle,Urban,Democrat,1.5,2.9,-0.2,No,Yes,No,No,No,2018
67349900,Thomas Wilson,79,Male,White,Low,Urban,Republican,-3.0,-2.3,-1.4,No,Yes,Yes,No,Yes,2024
31926656,William Smith,63,Male,White,High,Urban,Democrat,1.3,2.1,1.8,No,No,No,No,Yes,2024
89593115,Yang Wei,31,Male,Asian,Middle,Urban,Democrat,1.9,1.7,1.9,No,Yes,Yes,No,Yes,2024
54382217,Nancy Wilson,68,Female,White,Low,Suburban,Democrat,2.5,2.3,1.5,Yes,No,Yes,Yes,Yes,2024
28708931,James Wilson,41,Male,White,Middle,Rural,Republican,-2.9,-2.5,-1.8,No,No,Yes,No,Yes,2024
19821390,Arjun Sharma,44,Male,Asian,Middle,Rural,Republican,-3.0,-2.4,-0.9,Yes,Yes,Yes,Yes,Yes,2024
36085835,Nia Williams,33,Female,Black,Low,Suburban,Democrat,2.3,2.0,2.5,No,Yes,Yes,No,No,2020
70843769,Joseph Smith,51,Male,White,High,Suburban,Republican,-2.8,-1.5,-1.7,Yes,No,Yes,No,No,2020
79647096,Susan Wilson,72,Female,White,Middle,Urban,Democrat,1.3,1.7,1.5,Yes,Yes,Yes,Yes,No,2022
81384263,Nancy Brown,47,Female,White,Middle,Urban,Republican,-1.7,-2.5,-2.1,No,No,No,No,No,2014
83869660,Sarah Davis,49,Female,White,High,Suburban,Republican,-1.2,-1.4,-1.7,No,No,No,No,No,2014
65020377,Robert Davis,81,Male,White,High,Urban,Republican,-1.5,-1.5,-3.0,Yes,Yes,Yes,No,Yes,2024
19493734,John Brown,49,Male,White,Middle,Suburban,Republican,-2.7,-2.5,-1.1,No,No,Yes,No,Yes,2024
22614041,Raj Patel,36,Male,Asian,High,Urban,Republican,-2.3,-1.4,-2.0,No,Yes,Yes,Yes,Yes,2024
52078645,Susan Davis,45,Female,White,Middle,Urban,Democrat,3.0,1.6,1.6,Yes,No,Yes,Yes,No,2022
57676194,Sarah Davis,32,Female,White,High,Rural,Republican,-2.0,-1.7,-2.0,No,No,No,No,No,2014
89221790,Jose Ramirez,71,Male,Hispanic,Middle,Suburban,Republican,-1.8,-3.0,-2.4,Yes,No,No,No,Yes,2024
57406791,Jessica Brown,67,Female,White,Middle,Suburban,Democrat,2.9,2.5,2.0,Yes,No,Yes,No,Yes,2024
81081274,William Miller,63,Male,White,Middle,Suburban,Democrat,1.8,1.8,2.0,Yes,Yes,Yes,No,Yes,2024
44027805,Elizabeth Davis,22,Female,White,High,Suburban,Republican,-2.0,-2.0,-2.2,NA,NA,NA,No,Yes,2024
60562885,Robert Johnson,23,Male,White,Middle,Urban,Democrat,3.0,1.9,2.1,NA,NA,Yes,No,No,2020
91734920,Malik Taylor,75,Male,Black,Low,Rural,Democrat,1.9,1.9,1.4,Yes,Yes,Yes,No,Yes,2024
25198051,Jesus Ramirez,45,Male,Hispanic,High,Suburban,Republican,-2.6,-2.3,-2.5,Yes,Yes,Yes,Yes,Yes,2024
24847009,Michael Williams,74,Male,White,Middle,Urban,Republican,-1.3,-2.4,-2.4,Yes,Yes,Yes,No,Yes,2024
78042483,Wu Min,44,Female,Asian,Low,Suburban,Republican,-2.0,-3.0,-1.8,Yes,No,No,No,No,2016
68935326,Jessica Miller,60,Female,White,Middle,Rural,Democrat,1.8,3.0,0.8,Yes,Yes,Yes,No,Yes,2024
96172560,Jun Kang,52,Male,Asian,Low,Suburban,Democrat,2.0,3.0,1.6,Yes,No,No,Yes,No,2022
51055853,Miguel Rodriguez,20,Male,Hispanic,Middle,Suburban,Democrat,1.7,2.1,1.4,NA,NA,NA,NA,No,2014
22678680,Joseph Brown,79,Male,White,Middle,Urban,Independent,-0.3,-0.1,-2.2,Yes,No,Yes,Yes,Yes,2024
40281500,William Miller,86,Male,White,Middle,Rural,Republican,-2.6,-2.1,-2.5,No,No,No,No,Yes,2024
36258562,Alejandro Rodriguez,62,Male,Hispanic,Middle,Suburban,Democrat,2.3,2.3,2.8,Yes,Yes,Yes,Yes,Yes,2024
26879535,Aaliyah Brown,90,Female,Black,Low,Urban,Democrat,2.2,2.8,1.3,Yes,No,Yes,No,Yes,2024
89326632,Alejandro Torres,47,Male,Hispanic,Low,Suburban,Democrat,2.0,1.9,2.2,No,No,No,No,No,2014
34347061,Mary Miller,84,Female,White,High,Suburban,Republican,-2.1,-1.7,-1.0,Yes,No,Yes,No,No,2020
9989207,Jessica Miller,90,Female,White,Middle,Urban,Democrat,2.3,2.1,2.9,No,No,Yes,Yes,Yes,2024
84378864,Jennifer Johnson,73,Female,White,Middle,Urban,Republican,-2.1,-2.8,-2.1,Yes,Yes,No,No,No,2018
32353048,Aditya Singh,61,Male,Asian,Middle,Suburban,Republican,-3.0,-2.2,-2.4,Yes,Yes,Yes,No,Yes,2024
28625651,Linda Davis,68,Female,White,Middle,Suburban,Democrat,2.4,3.0,2.0,Yes,Yes,No,Yes,No,2022
89961953,Nancy Rodriguez,59,Female,White,High,Rural,Republican,-1.3,-3.0,-1.5,No,Yes,Yes,No,Yes,2024
99589491,Nancy Jones,40,Female,White,Low,Suburban,Democrat,2.2,1.5,0.7,Yes,No,Yes,Yes,Yes,2024
26772683,Karen Garcia,32,Female,White,Middle,Urban,Republican,-1.5,-2.3,-2.2,Yes,No,No,Yes,No,2022
81124477,Karen Wilson,48,Female,White,Low,Urban,Democrat,2.4,1.4,0.7,Yes,Yes,Yes,No,Yes,2024
21610829,Susan Williams,82,Female,White,Middle,Urban,Democrat,2.2,1.6,2.0,No,No,Yes,No,No,2020
5763777,Luis Gonzalez,71,Male,Hispanic,Low,Urban,Democrat,1.6,1.6,2.9,Yes,Yes,Yes,No,Yes,2024
67669356,Woo Lee,63,Male,Asian,Low,Urban,Democrat,2.1,1.5,1.1,No,Yes,No,Yes,Yes,2024
9222068,Marcus Johnson,39,Male,Black,Middle,Suburban,Democrat,2.6,2.1,2.3,Yes,Yes,Yes,Yes,Yes,2024
43329867,Mary Johnson,28,Female,White,Low,Rural,Republican,-1.9,-3.0,-2.6,No,No,Yes,No,Yes,2024
54939050,John Wilson,64,Male,White,Middle,Urban,Republican,-2.9,-2.2,-2.8,No,No,Yes,Yes,No,2022
76413969,Charles Garcia,67,Male,White,Middle,Urban,Republican,-2.7,-1.2,-2.9,No,No,No,Yes,Yes,2024
97653407,Joseph Garcia,77,Male,White,Low,Rural,Republican,-2.7,-2.7,-0.9,Yes,Yes,Yes,No,No,2020
13700058,Hee Han,73,Female,Asian,Low,Suburban,Democrat,1.8,2.5,1.7,Yes,Yes,Yes,No,Yes,2024
25011502,Joseph Smith,88,Male,White,High,Urban,Republican,-3.0,-1.5,-1.6,Yes,No,Yes,No,No,2020
24881069,Joseph Miller,72,Male,White,Middle,Urban,Republican,-2.9,-2.3,-2.1,Yes,No,Yes,No,No,2020
41289794,Karen Brown,25,Female,White,Low,Rural,Republican,-2.3,-1.7,-1.4,NA,Yes,Yes,No,Yes,2024
17821191,Francisco Rodriguez,55,Male,Hispanic,Low,Urban,Independent,-0.2,-1.3,0.3,Yes,Yes,Yes,Yes,Yes,2024
24024667,Luis Gonzalez,56,Male,Hispanic,Middle,Rural,Republican,-2.4,-2.2,-2.5,No,No,Yes,Yes,No,2022
76941684,Thomas Brown,88,Male,White,High,Urban,Republican,-1.6,-1.9,-1.5,Yes,Yes,Yes,No,No,2020
15752536,Karen Garcia,75,Female,White,Middle,Urban,Democrat,2.5,2.6,1.4,Yes,Yes,Yes,No,No,2020
35251594,Tamika Jackson,84,Female,Black,Low,Urban,Democrat,1.8,2.2,2.4,No,Yes,No,No,No,2018
78440573,David Brown,41,Male,White,Low,Rural,Republican,-2.0,-2.4,-2.1,No,Yes,Yes,No,Yes,2024
44676664,Guadalupe Rodriguez,40,Female,Hispanic,Middle,Rural,Democrat,2.0,2.2,1.9,Yes,No,Yes,No,Yes,2024
43573539,William Jones,75,Male,White,High,Suburban,Republican,-0.7,-2.5,-1.7,No,No,No,Yes,No,2022
82755620,Linda Wilson,64,Female,White,Middle,Suburban,Democrat,1.9,1.5,2.1,No,Yes,Yes,Yes,Yes,2024
44861222,James Rodriguez,26,Male,White,High,Rural,Republican,-1.4,-2.1,-2.6,NA,No,Yes,No,No,2020
45732842,Isabel Sanchez,74,Female,Hispanic,Middle,Urban,Democrat,2.4,1.5,0.7,No,No,Yes,No,Yes,2024
37989118,Karen Davis,60,Female,White,Middle,Suburban,Democrat,3.0,0.9,1.8,Yes,No,No,No,No,2016
57837347,William Jones,62,Male,White,Low,Urban,Independent,0.3,-0.2,-1.9,No,Yes,Yes,No,No,2020
98729553,Jennifer Jones,82,Female,White,Low,Urban,Democrat,2.4,2.6,1.4,Yes,Yes,No,Yes,No,2022
76224301,Sarah Garcia,70,Female,White,Middle,Urban,Democrat,3.0,2.1,1.2,No,Yes,Yes,Yes,Yes,2024
50410510,Sarah Davis,64,Female,White,Low,Suburban,Democrat,1.5,2.1,1.4,Yes,No,Yes,No,Yes,2024
56642761,Terrell Williams,62,Male,Black,High,Urban,Republican,-3.0,-3.0,-2.5,Yes,No,Yes,Yes,No,2022
27986572,Richard Rodriguez,62,Male,White,High,Urban,Republican,-2.6,-2.8,-1.0,Yes,Yes,Yes,No,Yes,2024
96308654,Elizabeth Garcia,81,Female,White,Low,Urban,Democrat,2.4,2.9,1.0,Yes,Yes,Yes,No,Yes,2024
37096005,Elizabeth Brown,90,Female,White,High,Urban,Republican,-2.0,-2.1,-3.0,No,Yes,Yes,No,Yes,2024
25064326,Patricia Jones,80,Female,White,Low,Urban,Democrat,3.0,2.3,2.8,Yes,No,No,No,Yes,2024
36812847,Jesus Ramirez,28,Male,Hispanic,Low,Urban,Democrat,1.5,3.0,1.7,No,Yes,No,No,Yes,2024
45570035,Hye Choi,69,Female,Asian,High,Suburban,Democrat,2.9,1.5,2.2,No,Yes,No,No,Yes,2024
90328613,Ebony Williams,25,Female,Black,Low,Urban,Democrat,3.0,1.8,1.2,NA,Yes,No,Yes,No,2022
5397718,Jamal Brown,46,Male,Black,Middle,Suburban,Democrat,2.5,2.4,1.5,Yes,Yes,Yes,No,Yes,2024
5624815,Jennifer Rodriguez,67,Female,White,Middle,Suburban,Democrat,3.0,2.4,1.3,Yes,Yes,Yes,Yes,Yes,2024
35163762,Karen Jones,51,Female,White,High,Urban,Republican,-1.3,-2.2,-2.1,No,No,Yes,No,No,2020
6782701,Guadalupe Perez,77,Female,Hispanic,Low,Suburban,Democrat,1.9,1.9,0.5,Yes,Yes,Yes,Yes,Yes,2024
5085494,Nia Davis,81,Female,Black,Middle,Suburban,Democrat,2.4,2.1,1.8,No,No,Yes,Yes,No,2022
51142413,Elizabeth Wilson,33,Female,White,Middle,Rural,Republican,-2.4,-2.4,-1.9,Yes,No,Yes,Yes,Yes,2024
61034276,Charles Wilson,84,Male,White,Low,Rural,Republican,-1.8,-2.1,-1.5,Yes,Yes,Yes,No,No,2020
7394649,Patricia Brown,57,Female,White,Middle,Urban,Democrat,2.6,2.7,0.9,No,No,No,No,No,2014
1835701,Robert Brown,74,Male,White,Low,Urban,Democrat,2.7,2.1,2.5,No,No,No,No,No,2014
98903355,Jessica Brown,67,Female,White,High,Urban,Republican,-2.5,-1.9,-1.8,No,No,Yes,Yes,Yes,2024
13194122,Imani Wilson,62,Female,Black,Middle,Urban,Democrat,3.0,2.1,2.3,Yes,No,No,No,No,2016
31115358,David Williams,42,Male,White,Middle,Urban,Republican,-2.8,-2.8,-1.9,Yes,No,No,No,Yes,2024
93457079,Elizabeth Williams,21,Female,White,Middle,Urban,Republican,-2.5,-1.8,-2.1,NA,NA,NA,No,Yes,2024
23930317,Linda Rodriguez,38,Female,White,Middle,Suburban,Democrat,1.8,2.2,2.8,Yes,No,Yes,Yes,Yes,2024
75045415,Sarah Jones,85,Female,White,Low,Suburban,Republican,-2.0,-1.5,-2.4,Yes,Yes,Yes,No,No,2020
54785442,Joseph Wilson,70,Male,White,Middle,Urban,Republican,-1.9,-2.2,-2.2,Yes,Yes,Yes,No,Yes,2024
10289769,Linda Miller,70,Female,White,Low,Urban,Republican,-2.5,-1.8,-0.9,No,No,Yes,Yes,Yes,2024
93857469,Maya Banerjee,90,Female,Asian,Low,Rural,Democrat,1.6,1.5,1.2,Yes,Yes,Yes,No,Yes,2024
89727867,Elena Gonzalez,39,Female,Hispanic,Low,Urban,Democrat,2.7,2.2,1.2,No,Yes,Yes,Yes,Yes,2024
69967294,Karen Brown,28,Female,White,Middle,Rural,Republican,-1.4,-1.5,-1.7,Yes,No,No,Yes,Yes,2024
68663161,James Garcia,22,Male,White,High,Urban,Republican,-1.8,-1.7,-1.5,NA,NA,NA,No,Yes,2024
37187602,Carlos Ramirez,33,Male,Hispanic,Low,Urban,Democrat,1.7,1.9,1.6,No,No,Yes,Yes,Yes,2024
35776123,John Wilson,21,Male,White,Middle,Suburban,Democrat,1.6,2.3,2.4,NA,NA,NA,No,Yes,2024
30673681,James Johnson,59,Male,White,Middle,Suburban,Republican,-1.8,-3.0,-2.8,No,Yes,Yes,No,Yes,2024
64757145,Karen Garcia,65,Female,White,Middle,Urban,Democrat,2.3,2.6,0.9,Yes,No,Yes,Yes,Yes,2024
40986667,Mary Williams,82,Female,White,High,Suburban,Republican,-2.0,-0.7,-2.1,Yes,Yes,No,Yes,No,2022
76149452,Wu Xiu,66,Female,Asian,Middle,Suburban,Democrat,2.7,2.7,1.1,Yes,No,Yes,No,Yes,2024
99541039,Tyrone Williams,46,Male,Black,Middle,Urban,Democrat,1.5,1.4,2.0,Yes,Yes,No,No,Yes,2024
39965758,Richard Garcia,74,Male,White,Low,Urban,Independent,2.3,-2.6,-1.0,No,Yes,No,Yes,Yes,2024
14315692,Juana Ramirez,38,Female,Hispanic,High,Urban,Democrat,2.8,1.7,2.3,Yes,Yes,Yes,No,Yes,2024
98269220,Charles Jones,29,Male,White,Low,Urban,Democrat,2.4,2.8,0.2,Yes,No,Yes,Yes,No,2022
2674609,William Garcia,71,Male,White,Low,Urban,Independent,-2.7,0.7,0.2,Yes,No,Yes,Yes,Yes,2024
9494268,Eun Choi,28,Female,Asian,Low,Rural,Democrat,1.6,2.2,1.2,Yes,Yes,Yes,Yes,No,2022
9014476,Shreya Patel,67,Female,Asian,Middle,Suburban,Democrat,3.0,2.2,1.8,No,Yes,No,Yes,No,2022
80185618,John Johnson,62,Male,White,High,Suburban,Republican,-1.8,-3.0,-2.3,Yes,No,Yes,Yes,Yes,2024
78336236,Michael Smith,51,Male,White,High,Urban,Republican,-3.0,-2.6,-2.3,Yes,Yes,Yes,Yes,Yes,2024
9359686,Elena Torres,37,Female,Hispanic,Low,Urban,Democrat,3.0,1.9,0.7,No,Yes,Yes,Yes,Yes,2024
75115319,Karen Rodriguez,26,Female,White,Low,Urban,Democrat,2.4,1.3,1.8,NA,No,Yes,No,No,2020
19790078,David Williams,35,Male,White,Low,Rural,Democrat,2.1,3.0,2.7,Yes,Yes,Yes,Yes,No,2022
10608378,Elizabeth Wilson,50,Female,White,High,Urban,Democrat,2.4,1.9,1.5,No,No,No,No,No,2014
96959366,Sarah Williams,78,Female,White,Low,Urban,Democrat,2.5,2.3,1.7,Yes,Yes,Yes,Yes,Yes,2024
75130925,Terrell Davis,25,Male,Black,Middle,Suburban,Democrat,1.3,3.0,2.0,NA,No,No,No,No,2014
14633313,Imani Taylor,77,Female,Black,Middle,Urban,Democrat,3.0,1.3,1.0,No,Yes,Yes,No,No,2020
36006106,James Williams,82,Male,White,Middle,Suburban,Democrat,1.8,2.3,1.9,Yes,No,Yes,No,Yes,2024
94087011,David Brown,76,Male,White,Middle,Urban,Democrat,1.6,1.9,1.3,Yes,No,No,No,Yes,2024
14978119,Isabel Rodriguez,47,Female,Hispanic,Middle,Rural,Democrat,3.0,2.5,0.7,No,No,No,No,No,2014
92068877,Darnell Taylor,49,Male,Black,Middle,Rural,Democrat,1.8,2.2,0.6,No,Yes,Yes,No,Yes,2024
40766453,Patricia Garcia,39,Female,White,Low,Suburban,Democrat,2.6,1.8,2.1,Yes,Yes,Yes,Yes,No,2022
6482518,William Wilson,78,Male,White,Low,Suburban,Democrat,2.3,1.2,3.0,No,No,Yes,Yes,Yes,2024
49472150,Richard Johnson,67,Male,White,Middle,Suburban,Democrat,1.7,1.9,1.8,Yes,No,Yes,Yes,No,2022
17576681,Mary Johnson,59,Female,White,Low,Urban,Democrat,2.7,2.6,1.6,Yes,No,No,Yes,Yes,2024
68593821,Guadalupe Sanchez,26,Female,Hispanic,Low,Urban,Democrat,2.6,1.0,1.7,NA,Yes,Yes,Yes,Yes,2024
9245742,Thomas Davis,86,Male,White,High,Suburban,Democrat,3.0,2.3,1.0,No,No,Yes,Yes,No,2022
73038834,Luis Hernandez,85,Male,Hispanic,Middle,Suburban,Republican,-2.9,-3.0,-3.0,Yes,No,Yes,Yes,Yes,2024
32120912,Jennifer Miller,61,Female,White,Middle,Urban,Republican,-1.9,-2.0,-1.9,Yes,Yes,Yes,Yes,No,2022
43765616,Patricia Garcia,71,Female,White,Middle,Rural,Republican,-1.8,-2.3,-1.7,No,No,No,Yes,No,2022
64371722,John Miller,43,Male,White,Low,Urban,Republican,-1.8,-2.2,-2.0,Yes,No,Yes,No,No,2020
52507792,David Smith,26,Male,White,Middle,Rural,Republican,-2.5,-2.1,-1.3,NA,Yes,No,No,Yes,2024
23655616,Susan Jones,76,Female,White,Low,Urban,Democrat,1.5,2.0,1.5,Yes,Yes,Yes,Yes,Yes,2024
85341348,Sarah Wilson,80,Female,White,Middle,Suburban,Republican,-1.5,-3.0,-1.6,No,Yes,No,No,No,2018
50364832,Nancy Jones,55,Female,White,Middle,Rural,Republican,-2.5,-1.7,-2.2,Yes,Yes,Yes,Yes,No,2022
22969398,Linda Rodriguez,50,Female,White,Middle,Rural,Independent,-0.1,0.5,-0.7,Yes,No,Yes,No,Yes,2024
68116095,Thomas Davis,48,Male,White,Low,Urban,Republican,-3.0,-2.0,-2.5,Yes,Yes,Yes,No,No,2020
87540390,Li Xiu,33,Female,Asian,Low,Urban,Democrat,1.9,0.4,1.2,No,Yes,No,No,Yes,2024
39338699,Joseph Johnson,22,Male,White,Middle,Urban,Republican,-2.8,-2.5,-1.5,NA,NA,NA,No,Yes,2024
2577842,Michael Williams,81,Male,White,Middle,Rural,Republican,-1.1,-2.8,-2.5,Yes,Yes,Yes,Yes,No,2022
99782249,Li Mei,37,Female,Asian,High,Urban,Republican,-1.3,-3.0,-1.8,Yes,No,No,No,Yes,2024
58929808,Keisha Johnson,78,Female,Black,Middle,Rural,Democrat,3.0,3.0,1.4,No,Yes,Yes,No,Yes,2024
74864198,Guadalupe Gonzalez,44,Female,Hispanic,Low,Urban,Republican,-2.5,-2.3,-2.2,No,No,No,Yes,Yes,2024
91732667,Nia Anderson,46,Female,Black,Middle,Suburban,Democrat,3.0,1.9,1.4,Yes,Yes,Yes,Yes,Yes,2024
42452601,Joseph Smith,32,Male,White,Low,Suburban,Republican,-2.3,-2.1,-1.2,Yes,Yes,Yes,Yes,Yes,2024
38695947,Nancy Davis,39,Female,White,High,Urban,Republican,-1.5,-1.4,-2.6,Yes,Yes,Yes,Yes,Yes,2024
702000,Amit Reddy,75,Male,Asian,Middle,Urban,Democrat,2.0,3.0,1.8,Yes,No,Yes,No,No,2020
17431440,Jessica Wilson,52,Female,White,Middle,Urban,Republican,-1.4,-2.2,-1.6,No,No,No,Yes,No,2022
87515704,Juana Hernandez,89,Female,Hispanic,Low,Urban,Democrat,2.6,2.4,3.0,Yes,Yes,No,No,Yes,2024
48989008,Susan Jones,59,Female,White,Low,Rural,Democrat,2.3,2.8,2.4,Yes,No,Yes,No,No,2020
1844721,Elena Lopez,30,Female,Hispanic,Low,Urban,Republican,-1.1,-1.5,-2.1,Yes,No,No,No,Yes,2024
30880088,Robert Johnson,55,Male,White,High,Suburban,Republican,-3.0,-2.0,-2.3,Yes,Yes,Yes,No,Yes,2024
79745281,John Johnson,68,Male,White,Middle,Urban,Republican,-1.7,-2.4,-2.2,No,Yes,No,No,Yes,2024
32703325,Aaliyah Brown,19,Female,Black,High,Urban,Democrat,1.9,2.7,1.4,NA,NA,NA,NA,Yes,2024
20479351,Hyun Kang,59,Male,Asian,Middle,Suburban,Democrat,2.1,1.4,1.3,No,No,Yes,No,No,2020
46019487,James Davis,37,Male,White,Low,Suburban,Democrat,1.7,2.0,1.9,No,Yes,Yes,No,Yes,2024
31193712,Richard Wilson,77,Male,White,Middle,Urban,Democrat,2.2,1.4,2.5,Yes,Yes,Yes,No,Yes,2024
19591134,Li Jie,50,Male,Asian,Low,Suburban,Republican,-2.5,-3.0,-2.2,Yes,No,Yes,Yes,Yes,2024
73575467,Patricia Rodriguez,81,Female,White,Low,Urban,Republican,-2.4,-2.6,-1.4,Yes,Yes,Yes,No,Yes,2024
20246761,Ebony Taylor,65,Female,Black,Middle,Urban,Democrat,2.5,2.4,1.1,Yes,No,Yes,No,Yes,2024
74787687,Charles Wilson,33,Male,White,Middle,Urban,Democrat,1.9,1.5,1.1,No,Yes,Yes,No,Yes,2024
5737906,Robert Brown,72,Male,White,Middle,Suburban,Republican,-2.1,-2.3,-1.7,Yes,Yes,Yes,No,Yes,2024
72766467,Nancy Garcia,49,Female,White,Middle,Urban,Republican,-1.7,-2.5,-1.4,No,Yes,No,Yes,Yes,2024
25139080,Isabel Torres,31,Female,Hispanic,Low,Rural,Democrat,2.0,2.5,2.1,No,Yes,No,No,No,2018
37967752,Charles Johnson,62,Male,White,Middle,Urban,Republican,-2.0,-2.5,-2.5,No,No,Yes,No,No,2020
37114300,Nancy Davis,35,Female,White,Low,Suburban,Democrat,2.9,2.2,0.5,No,No,No,Yes,No,2022
23256598,Nia Williams,39,Female,Black,Low,Urban,Democrat,1.2,2.3,2.2,No,No,No,No,Yes,2024
11996672,John Jones,76,Male,White,Low,Urban,Republican,-1.7,-2.9,-2.2,Yes,No,Yes,Yes,No,2022
86441129,Sofia Lopez,70,Female,Hispanic,Middle,Urban,Independent,0.9,-0.5,-2.6,Yes,Yes,Yes,No,Yes,2024
84460844,Nancy Williams,22,Female,White,High,Urban,Republican,-1.8,-3.0,-1.5,NA,NA,NA,Yes,No,2022
3108872,Patricia Wilson,69,Female,White,Middle,Urban,Democrat,2.4,1.9,2.7,Yes,No,Yes,No,Yes,2024
80729489,Elena Torres,29,Female,Hispanic,Low,Suburban,Democrat,1.7,2.7,0.7,Yes,No,Yes,No,Yes,2024
78742125,Hye Song,84,Female,Asian,Middle,Suburban,Republican,-1.7,-2.9,-2.3,Yes,Yes,Yes,Yes,No,2022
29715243,Elizabeth Johnson,34,Female,White,Middle,Urban,Democrat,2.3,3.0,1.8,Yes,Yes,Yes,No,Yes,2024
79088394,Miguel Hernandez,65,Male,Hispanic,Middle,Urban,Independent,-0.1,-1.4,1.6,Yes,No,No,No,Yes,2024
57785359,Karen Rodriguez,77,Female,White,Middle,Urban,Democrat,2.9,2.3,1.0,Yes,No,Yes,Yes,Yes,2024
4257108,Patricia Johnson,63,Female,White,Low,Rural,Democrat,2.1,1.4,1.7,Yes,No,Yes,Yes,Yes,2024
36513538,Patricia Wilson,78,Female,White,Low,Urban,Democrat,1.4,1.6,1.1,Yes,No,Yes,Yes,Yes,2024
96982139,Darius Jones,74,Male,Black,Low,Suburban,Democrat,0.1,1.6,1.4,No,Yes,No,No,No,2018
36083696,Guadalupe Gonzalez,83,Female,Hispanic,Middle,Rural,Democrat,2.0,2.1,1.9,Yes,No,Yes,No,No,2020
84826033,Jessica Jones,74,Female,White,Middle,Urban,Democrat,2.4,1.9,1.5,Yes,No,Yes,No,Yes,2024
24631799,Andre Taylor,50,Male,Black,High,Urban,Republican,-2.4,-1.7,-2.5,Yes,Yes,Yes,Yes,Yes,2024
22541596,James Wilson,48,Male,White,Middle,Suburban,Republican,-2.5,-1.8,-2.9,No,No,Yes,No,No,2020
48695242,Priya Kumar,28,Female,Asian,High,Urban,Republican,-2.5,-1.5,-2.1,Yes,Yes,Yes,No,Yes,2024
9383298,Joseph Smith,71,Male,White,Middle,Urban,Republican,-1.8,-3.0,-1.7,No,Yes,Yes,No,Yes,2024
96630873,Joseph Wilson,44,Male,White,Middle,Rural,Republican,-2.9,-2.5,-1.5,Yes,No,Yes,Yes,Yes,2024
70463900,Sofia Torres,46,Female,Hispanic,Middle,Urban,Democrat,2.1,1.3,1.2,Yes,Yes,No,No,No,2018
15368565,Patricia Rodriguez,90,Female,White,High,Urban,Republican,-1.2,-2.1,-1.8,Yes,Yes,Yes,No,Yes,2024
51885162,Michael Miller,36,Male,White,High,Suburban,Republican,-2.9,-2.6,-2.0,No,No,Yes,Yes,No,2022
13428546,John Johnson,52,Male,White,Middle,Suburban,Republican,-2.4,-2.5,-2.8,Yes,Yes,Yes,No,No,2020
54414916,John Rodriguez,49,Male,White,Middle,Suburban,Republican,-2.5,-1.2,-1.8,No,No,Yes,Yes,No,2022
68662451,Michael Williams,27,Male,White,High,Suburban,Republican,-3.0,-3.0,-0.8,No,Yes,Yes,No,Yes,2024
47293216,James Brown,69,Male,White,Low,Suburban,Republican,-2.2,-2.5,-2.0,No,No,Yes,No,No,2020
91366255,Elizabeth Jones,58,Female,White,Middle,Urban,Democrat,2.6,2.1,1.6,No,Yes,Yes,No,Yes,2024
59591229,Ana Rodriguez,60,Female,Hispanic,Middle,Urban,Democrat,2.0,1.6,1.4,No,Yes,No,No,No,2018
73743738,Marcus Davis,43,Male,Black,Low,Suburban,Democrat,1.7,2.2,2.8,No,Yes,No,No,Yes,2024
98725269,Richard Brown,82,Male,White,Middle,Rural,Republican,-2.7,-1.7,-1.8,Yes,No,No,Yes,Yes,2024
88975003,Elizabeth Brown,49,Female,White,Low,Urban,Republican,-1.6,-2.7,-1.6,No,No,Yes,No,No,2020
78374107,Juana Sanchez,49,Female,Hispanic,Middle,Suburban,Democrat,3.0,1.6,1.2,No,No,Yes,No,Yes,2024
83173630,James Davis,80,Male,White,High,Suburban,Republican,-3.0,-2.0,-1.8,No,Yes,Yes,No,No,2020
94909253,James Miller,37,Male,White,Middle,Urban,Republican,-2.9,-2.7,-2.9,No,Yes,No,No,Yes,2024
18980434,John Rodriguez,56,Male,White,Middle,Urban,Republican,-2.1,-1.8,-1.8,Yes,No,Yes,Yes,Yes,2024
42316872,Joseph Brown,30,Male,White,Middle,Urban,Republican,-2.2,-1.8,-2.1,No,No,No,Yes,Yes,2024
95573204,Ebony Williams,27,Female,Black,Middle,Urban,Democrat,2.8,2.2,0.7,No,Yes,No,Yes,No,2022
52818645,Susan Rodriguez,32,Female,White,Middle,Suburban,Democrat,2.4,2.2,0.9,Yes,Yes,Yes,No,No,2020
72570027,Patricia Miller,69,Female,White,High,Urban,Republican,-0.8,-2.3,-3.0,No,Yes,No,No,Yes,2024
37957198,Carlos Garcia,26,Male,Hispanic,High,Suburban,Republican,-1.9,-2.4,-1.7,NA,Yes,Yes,Yes,Yes,2024
89941732,Michael Rodriguez,54,Male,White,Middle,Rural,Republican,-1.6,-3.0,-2.9,Yes,No,Yes,Yes,Yes,2024
42051180,LaToya Moore,88,Female,Black,High,Urban,Republican,-1.6,-2.8,-1.8,No,Yes,Yes,Yes,Yes,2024
48407218,James Rodriguez,20,Male,White,High,Suburban,Republican,-2.3,-1.5,-2.3,NA,NA,NA,NA,No,2014
87720593,Richard Garcia,27,Male,White,Middle,Suburban,Republican,-2.7,-2.5,-2.1,No,No,No,Yes,Yes,2024
837279,Joseph Smith,68,Male,White,Low,Urban,Republican,-2.3,-1.9,-1.9,No,Yes,Yes,No,Yes,2024
7731922,Charles Johnson,89,Male,White,Middle,Rural,Republican,-2.7,-2.1,-2.6,Yes,Yes,Yes,Yes,Yes,2024
62887245,Susan Garcia,18,Female,White,Middle,Rural,Republican,-1.8,-2.6,-1.7,NA,NA,NA,NA,NA,2014
20205447,Nancy Smith,90,Female,White,High,Urban,Republican,-1.3,-2.1,-2.3,Yes,Yes,Yes,No,Yes,2024
49928311,Mary Rodriguez,44,Female,White,Middle,Urban,Republican,-2.1,-1.9,-2.9,No,No,No,No,No,2014
24421043,Elizabeth Jones,85,Female,White,High,Urban,Democrat,2.9,1.9,1.5,Yes,Yes,Yes,No,Yes,2024
12275587,Mary Johnson,75,Female,White,Middle,Suburban,Democrat,2.7,1.9,1.9,Yes,No,Yes,No,Yes,2024
16882149,Ebony Moore,43,Female,Black,Low,Suburban,Democrat,1.3,2.7,1.8,No,Yes,Yes,No,Yes,2024
15474812,Sarah Miller,19,Female,White,High,Urban,Republican,-2.5,-2.1,-2.6,NA,NA,NA,NA,No,2014
70481061,Elena Garcia,66,Female,Hispanic,Low,Urban,Democrat,2.0,1.4,2.4,No,Yes,Yes,Yes,Yes,2024
91012715,Nancy Smith,63,Female,White,Low,Suburban,Republican,-0.8,-1.7,-2.7,No,No,No,No,Yes,2024
29757693,James Miller,32,Male,White,Middle,Suburban,Republican,-2.2,-1.5,-3.0,Yes,No,No,Yes,Yes,2024
17526816,Sun Kim,32,Female,Asian,Middle,Urban,Democrat,1.6,2.3,1.6,Yes,Yes,Yes,No,No,2020
29867254,Carmen Sanchez,78,Female,Hispanic,Low,Urban,Democrat,3.0,3.0,1.1,No,No,No,Yes,No,2022
15520699,Wang Min,71,Female,Asian,Middle,Urban,Democrat,2.6,2.0,1.5,Yes,Yes,No,Yes,No,2022
4665118,Mary Rodriguez,33,Female,White,Low,Urban,Republican,-2.0,-2.2,-1.3,Yes,Yes,Yes,Yes,Yes,2024
80863306,Linda Smith,47,Female,White,Low,Rural,Independent,-1.4,-1.2,-0.3,Yes,Yes,Yes,No,Yes,2024
97304229,Jessica Garcia,48,Female,White,Middle,Urban,Republican,-1.3,-2.8,-2.8,Yes,No,Yes,No,Yes,2024
56923464,Nia Anderson,44,Female,Black,Middle,Rural,Democrat,1.9,1.7,1.7,No,No,No,Yes,Yes,2024
23736332,Charles Jones,29,Male,White,Middle,Urban,Republican,-2.6,-2.6,-1.9,No,Yes,Yes,Yes,Yes,2024
51145371,Teresa Lopez,33,Female,Hispanic,Middle,Suburban,Democrat,2.0,2.3,1.2,Yes,No,No,Yes,Yes,2024
52204951,Antonio Torres,64,Male,Hispanic,Low,Urban,Republican,-1.2,-2.2,-1.3,No,Yes,No,No,Yes,2024
19713021,Jennifer Williams,43,Female,White,High,Urban,Democrat,1.9,1.3,1.3,No,No,Yes,No,No,2020
92413564,Jessica Jones,44,Female,White,Middle,Urban,Republican,-2.5,-3.0,-2.3,No,No,Yes,No,Yes,2024
76766766,Elizabeth Wilson,69,Female,White,Low,Rural,Republican,-2.0,-2.3,-2.4,No,Yes,Yes,No,No,2020
70204653,Jessica Jones,31,Female,White,Low,Rural,Republican,-2.2,-2.5,-2.1,No,Yes,Yes,Yes,Yes,2024
36617497,Jessica Smith,64,Female,White,Middle,Suburban,Republican,-1.7,-2.2,-2.5,Yes,Yes,Yes,No,Yes,2024
51823137,Darius Brown,64,Male,Black,Low,Rural,Democrat,0.6,1.3,2.3,No,No,No,No,No,2014
25454214,Jesus Perez,61,Male,Hispanic,Middle,Rural,Independent,2.9,-3.0,-1.5,Yes,No,Yes,No,Yes,2024
34392721,Imani Williams,75,Female,Black,High,Urban,Democrat,1.5,1.2,2.4,Yes,Yes,No,Yes,Yes,2024
56102043,Hye Lee,25,Female,Asian,Middle,Rural,Democrat,2.6,1.8,0.7,NA,No,No,Yes,Yes,2024
49849103,LaToya Davis,37,Female,Black,Middle,Urban,Democrat,2.0,1.8,2.2,Yes,Yes,No,Yes,Yes,2024
24981653,Hee Song,21,Female,Asian,Low,Rural,Democrat,2.7,1.7,2.8,NA,NA,NA,No,No,2014
59482410,Mary Brown,90,Female,White,Low,Suburban,Democrat,2.2,2.6,1.6,Yes,Yes,Yes,Yes,Yes,2024
71967332,Nancy Smith,87,Female,White,Middle,Suburban,Republican,-1.6,-2.7,-2.1,No,Yes,Yes,Yes,No,2022
82803199,Jesus Perez,83,Male,Hispanic,High,Urban,Independent,1.4,0.7,-0.7,No,No,Yes,Yes,Yes,2024
99611840,Karen Jones,41,Female,White,Middle,Rural,Democrat,1.4,1.7,1.1,Yes,Yes,Yes,No,No,2020
45365863,Michael Rodriguez,72,Male,White,Middle,Suburban,Republican,-2.5,-2.3,-2.3,No,Yes,No,Yes,No,2022
41947539,William Rodriguez,46,Male,White,Low,Urban,Democrat,2.6,2.7,1.7,No,No,Yes,Yes,Yes,2024
69764487,Sofia Torres,90,Female,Hispanic,Middle,Urban,Democrat,1.6,2.1,1.5,Yes,Yes,No,No,Yes,2024
56811580,Sunita Patel,32,Female,Asian,Middle,Suburban,Democrat,2.0,0.9,1.2,Yes,No,Yes,No,Yes,2024
73112091,Yeon Yoon,29,Female,Asian,High,Urban,Republican,-1.4,-2.7,-1.8,Yes,Yes,Yes,Yes,Yes,2024
89141769,Darius Wilson,40,Male,Black,High,Urban,Republican,-2.1,-2.8,-2.3,No,Yes,Yes,Yes,No,2022
16731800,John Jones,29,Male,White,High,Suburban,Republican,-1.9,-2.2,-1.6,Yes,Yes,Yes,No,Yes,2024
8047887,Susan Jones,51,Female,White,Low,Rural,Democrat,1.7,1.6,2.2,No,Yes,Yes,No,Yes,2024
47637899,Nancy Davis,49,Female,White,Low,Urban,Republican,-2.4,-2.1,-3.0,Yes,No,No,No,No,2016
87725329,Darnell Jones,83,Male,Black,High,Rural,Republican,-2.1,-1.8,-2.2,Yes,Yes,No,Yes,Yes,2024
72997384,James Brown,64,Male,White,High,Urban,Republican,-2.4,-2.9,-2.6,Yes,Yes,Yes,Yes,No,2022
60129131,Elizabeth Johnson,59,Female,White,Low,Rural,Democrat,1.9,1.6,1.8,Yes,Yes,Yes,No,Yes,2024
91920291,Malik Davis,43,Male,Black,Middle,Urban,Democrat,0.9,2.5,1.7,No,No,Yes,No,Yes,2024
3173197,Shanice Wilson,59,Female,Black,Middle,Urban,Democrat,2.8,1.8,1.9,Yes,Yes,No,No,Yes,2024
87020843,Sarah Miller,80,Female,White,Middle,Urban,Democrat,1.9,2.2,2.1,Yes,Yes,Yes,Yes,No,2022
17171552,Luis Lopez,66,Male,Hispanic,Low,Urban,Independent,-1.1,0.1,2.6,No,No,Yes,Yes,Yes,2024
93447895,William Jones,30,Male,White,Low,Urban,Republican,-2.4,-3.0,-1.4,No,Yes,Yes,No,Yes,2024
98806370,Elizabeth Wilson,39,Female,White,Middle,Urban,Democrat,1.6,2.0,1.9,No,No,No,No,No,2014
11649982,Robert Rodriguez,48,Male,White,Low,Urban,Democrat,2.3,2.2,1.6,No,No,Yes,Yes,No,2022
53364807,Charles Rodriguez,29,Male,White,Middle,Suburban,Republican,-2.0,-1.8,-1.8,Yes,No,Yes,Yes,Yes,2024
96837967,Jennifer Rodriguez,79,Female,White,Middle,Rural,Republican,-1.9,-3.0,-2.1,No,No,No,No,No,2014
19489500,Keisha Johnson,47,Female,Black,Middle,Suburban,Democrat,2.4,1.3,3.0,Yes,Yes,Yes,Yes,Yes,2024
43654630,Thomas Garcia,90,Male,White,Low,Suburban,Republican,-3.0,-2.6,-1.8,Yes,Yes,Yes,Yes,Yes,2024
78288699,Michael Miller,35,Male,White,Middle,Suburban,Republican,-3.0,-2.0,-2.7,No,Yes,Yes,Yes,No,2022
87215645,Sarah Davis,30,Female,White,Middle,Urban,Democrat,1.6,2.5,1.8,No,No,Yes,Yes,No,2022
60071478,Rosa Sanchez,33,Female,Hispanic,High,Urban,Independent,0.3,-2.8,2.5,Yes,No,Yes,No,Yes,2024
39515205,Thomas Davis,34,Male,White,Low,Suburban,Republican,-2.3,-2.5,-1.3,Yes,No,Yes,No,Yes,2024
77122369,Mary Brown,62,Female,White,Middle,Urban,Republican,-2.5,-2.7,-2.3,Yes,No,Yes,Yes,Yes,2024
12102329,Robert Johnson,42,Male,White,Low,Suburban,Republican,-2.2,-1.9,-2.2,Yes,Yes,Yes,Yes,Yes,2024
79844379,Nancy Williams,27,Female,White,Middle,Urban,Republican,-2.4,-2.7,-2.4,No,Yes,Yes,No,No,2020
50978510,Sofia Torres,79,Female,Hispanic,Middle,Urban,Democrat,1.9,3.0,2.7,No,No,Yes,Yes,Yes,2024
5030781,Nancy Wilson,42,Female,White,Low,Suburban,Democrat,2.5,1.3,1.4,Yes,No,No,No,Yes,2024
76107374,Miguel Gonzalez,77,Male,Hispanic,Low,Urban,Republican,-2.3,-2.0,-1.9,No,No,Yes,Yes,No,2022
41501091,Jose Martinez,67,Male,Hispanic,Middle,Urban,Democrat,1.7,1.2,0.7,Yes,Yes,Yes,Yes,Yes,2024
24916809,Sun Song,69,Female,Asian,Middle,Suburban,Republican,-1.3,-2.4,-1.8,No,No,Yes,Yes,Yes,2024
42428401,Sarah Rodriguez,48,Female,White,Middle,Suburban,Democrat,2.0,2.3,1.6,No,No,Yes,No,No,2020
99050115,Nancy Rodriguez,36,Female,White,Middle,Suburban,Republican,-2.2,-1.9,-2.0,Yes,Yes,Yes,Yes,Yes,2024
43647787,Elena Martinez,59,Female,Hispanic,Low,Urban,Democrat,2.8,1.6,2.5,No,No,Yes,No,Yes,2024
48737800,Sung Yoon,31,Male,Asian,Middle,Rural,Democrat,3.0,1.9,1.6,Yes,Yes,Yes,No,Yes,2024
68983149,Sarah Davis,41,Female,White,Middle,Suburban,Independent,-1.4,-0.6,-0.5,No,Yes,No,Yes,No,2022
17418777,Charles Brown,25,Male,White,Low,Rural,Republican,-3.0,-2.6,-2.3,NA,Yes,No,No,Yes,2024
51944607,Karen Johnson,84,Female,White,Low,Urban,Democrat,0.9,2.2,1.0,No,Yes,Yes,No,Yes,2024
66787166,Nancy Johnson,30,Female,White,Middle,Urban,Republican,-1.3,-2.3,-2.1,Yes,No,No,Yes,No,2022
33449930,Jessica Brown,34,Female,White,High,Urban,Republican,-2.5,-2.3,-2.3,Yes,Yes,No,No,Yes,2024
34248218,Karen Davis,47,Female,White,Low,Rural,Republican,-1.0,-1.8,-1.7,Yes,Yes,Yes,Yes,Yes,2024
56681974,Zhang Jian,74,Male,Asian,High,Urban,Democrat,1.9,2.6,1.2,Yes,Yes,Yes,No,Yes,2024
98419974,Zhao Ying,58,Female,Asian,Middle,Suburban,Republican,-1.9,-2.3,-2.0,No,Yes,No,No,No,2018
97782850,Nancy Jones,39,Female,White,Low,Urban,Republican,-1.7,-2.2,-1.3,No,No,No,Yes,No,2022
24612696,Elizabeth Rodriguez,18,Female,White,Low,Urban,Democrat,2.0,1.0,0.9,NA,NA,NA,NA,NA,2014
72322743,Jennifer Smith,49,Female,White,Low,Urban,Democrat,1.9,2.3,1.4,Yes,No,Yes,Yes,Yes,2024
83408041,Juana Lopez,30,Female,Hispanic,Low,Urban,Democrat,2.1,1.4,3.0,Yes,No,Yes,No,No,2020
69655145,Andre Johnson,58,Male,Black,Middle,Urban,Democrat,2.4,1.6,1.7,Yes,Yes,Yes,No,Yes,2024
10858979,Robert Williams,83,Male,White,Middle,Suburban,Republican,-3.0,-2.3,-2.2,Yes,Yes,Yes,No,Yes,2024
74607244,Thomas Johnson,48,Male,White,High,Suburban,Republican,-1.7,-2.4,-1.1,No,No,No,No,No,2014
43486390,Charles Brown,55,Male,White,Low,Suburban,Republican,-1.9,-1.8,-1.5,Yes,No,Yes,Yes,Yes,2024
6754798,Karen Davis,61,Female,White,Middle,Urban,Democrat,3.0,1.3,1.8,Yes,No,Yes,Yes,No,2022
28575214,Darnell Davis,21,Male,Black,Middle,Urban,Democrat,1.4,1.5,3.0,NA,NA,NA,Yes,Yes,2024
37733136,Joseph Garcia,51,Male,White,Middle,Rural,Republican,-1.2,-1.6,-1.8,No,Yes,No,Yes,Yes,2024
56173387,Carlos Garcia,22,Male,Hispanic,Middle,Urban,Republican,-2.6,-1.5,-1.5,NA,NA,NA,Yes,No,2022
69914805,William Jones,60,Male,White,High,Suburban,Democrat,1.5,2.0,1.0,Yes,Yes,No,No,Yes,2024
94294840,Patricia Johnson,69,Female,White,Low,Urban,Democrat,2.8,2.2,1.4,No,No,Yes,Yes,Yes,2024
24934368,James Rodriguez,67,Male,White,Low,Urban,Republican,-3.0,-1.8,-2.7,Yes,Yes,No,No,No,2018
5191191,David Miller,45,Male,White,Middle,Urban,Republican,-2.5,-2.8,-1.8,Yes,Yes,Yes,No,Yes,2024
7313290,Nia Moore,78,Female,Black,Middle,Urban,Democrat,2.1,0.4,1.9,No,No,Yes,No,No,2020
32909227,Juan Lopez,86,Male,Hispanic,High,Urban,Democrat,2.0,2.3,1.5,Yes,No,Yes,No,Yes,2024
37719397,Alejandro Ramirez,43,Male,Hispanic,Low,Rural,Republican,-1.6,-3.0,-2.7,Yes,No,Yes,No,No,2020
69061357,Marcus Anderson,51,Male,Black,Middle,Suburban,Democrat,3.0,2.9,1.6,Yes,Yes,No,No,No,2018
56541740,Zhang Hao,65,Male,Asian,High,Urban,Republican,-3.0,-2.0,-1.4,Yes,No,No,No,Yes,2024
52942294,Charles Miller,54,Male,White,High,Urban,Republican,-2.4,-1.9,-1.7,No,No,No,Yes,Yes,2024
81959437,Robert Miller,81,Male,White,Middle,Suburban,Republican,-2.4,-2.2,-1.7,No,No,No,No,No,2014
75446192,Ebony Jackson,64,Female,Black,Low,Urban,Democrat,1.2,1.4,1.6,No,Yes,Yes,Yes,No,2022
132316,Ebony Davis,88,Female,Black,Low,Urban,Democrat,1.7,3.0,1.3,No,Yes,No,No,No,2018
13475230,Thomas Smith,74,Male,White,High,Rural,Republican,-2.8,-2.0,-2.3,No,Yes,Yes,No,Yes,2024
62659197,William Miller,38,Male,White,Low,Rural,Republican,-3.0,-2.9,-2.3,Yes,No,Yes,Yes,No,2022
38003036,Michael Brown,20,Male,White,Middle,Urban,Republican,-1.6,-2.0,-2.1,NA,NA,NA,NA,No,2014
26691839,Li Lan,62,Female,Asian,Low,Urban,Democrat,2.7,1.2,0.5,Yes,No,Yes,Yes,Yes,2024
61438469,Maria Garcia,64,Female,Hispanic,Middle,Urban,Democrat,3.0,0.7,1.5,No,Yes,Yes,Yes,Yes,2024
91338590,Charles Garcia,28,Male,White,Low,Urban,Republican,-2.3,-1.7,-2.3,No,No,No,No,No,2014
7207207,William Smith,68,Male,White,High,Urban,Republican,-2.0,-1.7,-1.6,Yes,Yes,Yes,Yes,No,2022
77219522,Robert Williams,48,Male,White,Middle,Rural,Independent,-0.7,0.9,2.9,Yes,No,Yes,Yes,No,2022
44298483,Terrell Brown,25,Male,Black,Low,Suburban,Democrat,1.7,2.2,1.0,NA,Yes,Yes,No,Yes,2024
35356395,Elizabeth Rodriguez,87,Female,White,Middle,Suburban,Democrat,2.0,2.0,1.6,Yes,Yes,Yes,No,Yes,2024
288281,Michael Wilson,40,Male,White,Middle,Urban,Republican,-2.0,-2.2,-2.0,No,No,No,No,No,2014
71280157,Thomas Jones,46,Male,White,Middle,Urban,Independent,0.5,0.8,-1.7,Yes,Yes,Yes,Yes,No,2022
36277795,Rafael Sanchez,67,Male,Hispanic,High,Urban,Republican,-2.3,-2.6,-2.3,Yes,No,Yes,Yes,Yes,2024
8242530,LaToya Jackson,38,Female,Black,Middle,Rural,Democrat,2.7,2.1,2.1,Yes,Yes,No,No,Yes,2024
59744893,Andre Johnson,20,Male,Black,High,Urban,Republican,-1.2,-3.0,-2.1,NA,NA,NA,NA,No,2014
45966669,Juana Lopez,73,Female,Hispanic,High,Urban,Independent,-1.1,0.6,0.8,No,Yes,No,No,Yes,2024
3317120,Patricia Davis,35,Female,White,High,Suburban,Democrat,1.1,2.3,1.7,Yes,No,No,No,No,2016
4301657,Guadalupe Gonzalez,31,Female,Hispanic,High,Urban,Republican,-1.6,-2.4,-1.4,Yes,Yes,Yes,Yes,Yes,2024
69324530,James Wilson,41,Male,White,Middle,Urban,Republican,-2.7,-1.5,-2.2,No,Yes,Yes,Yes,Yes,2024
95214924,Joseph Williams,79,Male,White,Low,Suburban,Republican,-2.0,-2.8,-1.3,No,No,No,No,No,2014
77488637,Liu Jian,27,Male,Asian,Middle,Urban,Democrat,1.0,2.8,1.3,Yes,No,Yes,No,No,2020
99618781,Patricia Wilson,38,Female,White,Middle,Rural,Democrat,3.0,1.9,2.1,Yes,No,Yes,Yes,Yes,2024
1328875,Elizabeth Williams,59,Female,White,High,Suburban,Democrat,1.5,2.0,1.7,No,Yes,Yes,No,No,2020
55750979,Mary Jones,55,Female,White,High,Rural,Republican,-2.1,-3.0,-2.8,No,No,Yes,No,Yes,2024
14676284,David Brown,48,Male,White,Middle,Suburban,Democrat,2.3,1.9,2.3,Yes,No,Yes,Yes,No,2022
9467799,Sarah Jones,41,Female,White,Middle,Urban,Democrat,2.2,3.0,1.8,Yes,Yes,Yes,No,Yes,2024
72985738,John Jones,39,Male,White,Low,Suburban,Republican,-2.4,-2.7,-2.1,No,No,No,No,No,2014
58514229,Huang Ying,83,Female,Asian,High,Urban,Democrat,3.0,1.1,1.5,No,Yes,Yes,Yes,No,2022
6868863,Patricia Garcia,79,Female,White,Middle,Rural,Republican,-1.5,-2.0,-1.6,Yes,No,Yes,No,Yes,2024
62512188,Joseph Smith,38,Male,White,Middle,Urban,Republican,-3.0,-3.0,-2.2,Yes,Yes,Yes,Yes,Yes,2024
90435960,Joseph Rodriguez,27,Male,White,High,Urban,Republican,-2.0,-2.9,-2.6,No,No,Yes,Yes,Yes,2024
14059336,Darius Jackson,24,Male,Black,Middle,Urban,Democrat,1.7,2.2,2.4,NA,NA,Yes,No,Yes,2024
59329607,Meera Das,57,Female,Asian,Low,Urban,Democrat,2.5,1.9,2.0,Yes,Yes,No,No,Yes,2024
88380287,Francisco Martinez,42,Male,Hispanic,Low,Urban,Democrat,1.5,2.5,1.9,Yes,No,Yes,Yes,No,2022
7450790,Jesus Sanchez,67,Male,Hispanic,Low,Suburban,Republican,-2.3,-3.0,-1.3,Yes,Yes,Yes,No,Yes,2024
64218296,Susan Miller,22,Female,White,Middle,Suburban,Independent,-0.5,-0.2,1.8,NA,NA,NA,No,Yes,2024
26587735,Wu Feng,28,Male,Asian,Middle,Urban,Independent,0.3,-2.5,0.4,Yes,No,Yes,No,No,2020
38274759,Mary Williams,27,Female,White,Middle,Rural,Democrat,2.5,3.0,2.0,Yes,No,Yes,No,Yes,2024
3881228,Ji Jung,40,Female,Asian,Middle,Urban,Democrat,2.4,2.3,0.6,Yes,Yes,Yes,No,Yes,2024
77683624,Rafael Perez,22,Male,Hispanic,Middle,Urban,Democrat,2.6,2.3,2.1,NA,NA,NA,Yes,No,2022
21345771,Rafael Rodriguez,20,Male,Hispanic,Middle,Suburban,Democrat,2.6,1.3,2.3,NA,NA,NA,NA,No,2014
49445075,Richard Williams,34,Male,White,High,Urban,Republican,-2.9,-2.5,-1.4,Yes,No,Yes,Yes,Yes,2024
3421095,Patricia Smith,53,Female,White,Middle,Urban,Democrat,2.9,2.3,2.0,Yes,No,Yes,Yes,Yes,2024
17567880,Latasha Johnson,63,Female,Black,Middle,Urban,Democrat,2.3,1.3,0.8,Yes,No,No,Yes,Yes,2024
10801448,Sofia Rodriguez,55,Female,Hispanic,High,Rural,Democrat,2.5,2.2,0.7,Yes,Yes,Yes,Yes,Yes,2024
51361820,Susan Jones,35,Female,White,High,Urban,Republican,-2.5,-2.9,-2.6,No,Yes,Yes,Yes,Yes,2024
35273926,Karen Williams,49,Female,White,Middle,Urban,Democrat,3.0,2.6,1.1,Yes,Yes,Yes,No,Yes,2024
12299109,Elizabeth Smith,47,Female,White,Middle,Urban,Democrat,2.7,1.9,1.6,Yes,Yes,Yes,Yes,Yes,2024
68719422,James Smith,33,Male,White,Low,Urban,Republican,-2.8,-2.3,-1.9,Yes,No,Yes,No,No,2020
71386850,John Jones,75,Male,White,High,Rural,Republican,-2.3,-2.2,-2.5,No,Yes,Yes,No,No,2020
94415166,Linda Johnson,41,Female,White,Middle,Urban,Republican,-1.3,-3.0,-1.2,No,No,Yes,Yes,Yes,2024
65321891,John Garcia,78,Male,White,Middle,Rural,Republican,-2.1,-3.0,-2.9,No,Yes,No,No,No,2018
42552861,Robert Rodriguez,39,Male,White,Middle,Urban,Democrat,0.9,3.0,0.6,No,Yes,Yes,Yes,Yes,2024
67842618,Joseph Rodriguez,65,Male,White,Middle,Urban,Republican,-3.0,-3.0,-2.2,No,No,Yes,Yes,Yes,2024
18490947,Nancy Williams,63,Female,White,Middle,Urban,Republican,-1.7,-2.9,-1.5,Yes,Yes,No,Yes,Yes,2024
16065605,Wang Mei,36,Female,Asian,Middle,Rural,Democrat,3.0,2.0,1.6,Yes,No,No,Yes,No,2022
61786810,Robert Garcia,83,Male,White,Middle,Suburban,Republican,-1.5,-1.3,-2.9,Yes,Yes,Yes,Yes,Yes,2024
36775608,John Garcia,51,Male,White,Low,Suburban,Democrat,2.8,2.9,3.0,Yes,Yes,Yes,No,No,2020
18254549,Elizabeth Garcia,73,Female,White,Middle,Urban,Democrat,2.2,2.5,2.4,No,No,Yes,Yes,Yes,2024
21410044,Richard Garcia,48,Male,White,Middle,Urban,Democrat,2.6,3.0,2.3,No,No,Yes,Yes,No,2022
49053908,Nancy Rodriguez,38,Female,White,Low,Urban,Republican,-2.1,-1.6,-2.2,Yes,Yes,Yes,No,No,2020
82265948,Michael Miller,26,Male,White,High,Urban,Republican,-2.9,-1.4,-2.5,NA,Yes,No,No,Yes,2024
93158928,Patricia Rodriguez,20,Female,White,Low,Urban,Democrat,2.7,3.0,2.7,NA,NA,NA,NA,Yes,2024
31124622,Mary Rodriguez,64,Female,White,Middle,Urban,Republican,-2.0,-2.6,-1.7,Yes,No,No,Yes,Yes,2024
78188611,Jessica Williams,53,Female,White,Low,Urban,Republican,-1.1,-2.6,-1.2,Yes,No,Yes,No,No,2020
80375025,Nancy Davis,39,Female,White,Low,Urban,Democrat,1.8,1.7,1.9,No,No,Yes,No,No,2020
83857535,Joseph Garcia,30,Male,White,High,Suburban,Republican,-3.0,-2.2,-1.5,Yes,No,No,Yes,Yes,2024
66444169,Nancy Williams,67,Female,White,Low,Urban,Democrat,2.6,0.9,1.5,No,No,Yes,Yes,No,2022
16816709,Thomas Davis,87,Male,White,Middle,Urban,Republican,-1.1,-1.9,-2.1,Yes,Yes,Yes,No,Yes,2024
87548057,James Jones,40,Male,White,High,Urban,Republican,-1.6,-2.1,-1.4,No,Yes,Yes,No,Yes,2024
62228356,Mary Johnson,49,Female,White,Middle,Urban,Democrat,1.8,1.4,1.1,No,Yes,Yes,Yes,Yes,2024
74532306,Joseph Garcia,78,Male,White,High,Urban,Republican,-2.0,-1.9,-1.8,Yes,No,No,No,Yes,2024
32900498,Patricia Smith,25,Female,White,Low,Urban,Republican,-2.5,-2.8,-0.9,NA,No,Yes,No,Yes,2024
35340352,Carlos Sanchez,88,Male,Hispanic,Middle,Urban,Democrat,2.3,2.1,1.4,Yes,Yes,No,No,Yes,2024
69239750,Elizabeth Johnson,47,Female,White,Low,Rural,Republican,-2.0,-2.0,-1.6,Yes,Yes,Yes,No,Yes,2024
11733859,Sofia Rodriguez,87,Female,Hispanic,Middle,Urban,Democrat,2.6,2.1,1.2,Yes,No,No,Yes,No,2022
23739465,Tamika Moore,46,Female,Black,High,Suburban,Republican,-1.4,-2.0,-1.6,No,Yes,Yes,Yes,Yes,2024
71525431,Jessica Williams,85,Female,White,High,Urban,Democrat,3.0,1.7,2.5,Yes,No,No,No,No,2016
21416708,Sofia Lopez,54,Female,Hispanic,High,Urban,Republican,-2.0,-3.0,-1.0,Yes,No,No,No,Yes,2024
81247683,Imani Jackson,89,Female,Black,Middle,Urban,Democrat,3.0,2.1,1.8,No,Yes,No,No,Yes,2024
46328860,Linda Williams,48,Female,White,Middle,Urban,Democrat,2.4,2.6,2.7,No,No,Yes,No,Yes,2024
72330849,Rosa Martinez,43,Female,Hispanic,High,Urban,Democrat,3.0,2.6,2.4,No,No,Yes,Yes,Yes,2024
33710514,Darnell Moore,41,Male,Black,Middle,Urban,Democrat,2.6,1.9,1.5,Yes,Yes,No,No,No,2018
90017406,Mary Johnson,20,Female,White,High,Urban,Republican,-1.5,-2.7,-2.0,NA,NA,NA,NA,Yes,2024
25918411,Maria Martinez,55,Female,Hispanic,Middle,Urban,Democrat,2.0,2.2,1.4,Yes,No,No,No,No,2016
87329643,Francisco Gonzalez,83,Male,Hispanic,Middle,Urban,Democrat,2.6,2.4,2.6,Yes,No,No,No,Yes,2024
24533082,Sarah Jones,56,Female,White,Low,Urban,Democrat,1.9,1.9,1.9,Yes,Yes,No,Yes,Yes,2024
66919854,Elena Torres,87,Female,Hispanic,Middle,Urban,Democrat,2.2,2.8,1.6,Yes,No,Yes,Yes,Yes,2024
77524601,James Miller,90,Male,White,Middle,Suburban,Republican,-3.0,-2.6,-1.3,Yes,No,Yes,Yes,Yes,2024
31561904,Patricia Garcia,21,Female,White,Low,Rural,Republican,-2.2,-3.0,-2.3,NA,NA,NA,No,No,2014
71511444,Alejandro Gonzalez,76,Male,Hispanic,Middle,Urban,Democrat,1.0,1.1,1.5,Yes,No,Yes,Yes,No,2022
15573786,Patricia Wilson,67,Female,White,Low,Urban,Democrat,2.7,2.2,2.0,Yes,No,Yes,Yes,No,2022
93396100,Jose Torres,58,Male,Hispanic,Middle,Urban,Democrat,1.3,3.0,1.6,Yes,No,Yes,Yes,No,2022
2862787,Isabel Ramirez,82,Female,Hispanic,High,Urban,Republican,-2.5,-2.3,-1.8,Yes,Yes,Yes,Yes,No,2022
99169579,Juana Perez,61,Female,Hispanic,Low,Urban,Democrat,1.7,1.6,0.4,Yes,Yes,Yes,No,No,2020
28051509,Mary Williams,59,Female,White,Middle,Suburban,Democrat,1.9,2.2,2.6,No,Yes,No,Yes,Yes,2024
96477294,Na Kim,81,Female,Asian,Middle,Urban,Democrat,2.4,2.1,2.1,Yes,Yes,Yes,No,Yes,2024
20937301,Nancy Davis,64,Female,White,Middle,Urban,Republican,-1.7,-3.0,-2.9,No,No,No,No,Yes,2024
44481282,Karen Garcia,20,Female,White,Middle,Suburban,Republican,-1.8,-1.7,-3.0,NA,NA,NA,NA,No,2014
1643345,Latasha Brown,82,Female,Black,Middle,Urban,Democrat,2.3,1.0,1.6,Yes,No,No,No,Yes,2024
3533522,Keisha Jones,58,Female,Black,Middle,Rural,Republican,-1.9,-1.6,-2.6,No,No,Yes,No,Yes,2024
67526085,Imani Anderson,37,Female,Black,Middle,Suburban,Democrat,2.8,1.7,2.3,Yes,Yes,No,No,Yes,2024
50149491,Keisha Brown,67,Female,Black,Middle,Suburban,Democrat,2.1,2.3,1.7,Yes,Yes,Yes,No,No,2020
8207931,William Wilson,88,Male,White,High,Urban,Democrat,1.6,1.0,1.4,No,No,No,Yes,No,2022
3399327,Sofia Lopez,72,Female,Hispanic,Low,Urban,Democrat,2.6,1.9,2.2,Yes,Yes,Yes,Yes,Yes,2024
53600355,John Wilson,80,Male,White,Middle,Urban,Republican,-3.0,-2.9,-1.2,Yes,No,Yes,Yes,No,2022
29309292,Susan Miller,39,Female,White,Low,Urban,Republican,-1.5,-2.3,-2.3,Yes,No,No,No,Yes,2024
49944505,Robert Brown,54,Male,White,High,Suburban,Republican,-2.0,-2.6,-2.0,Yes,No,No,Yes,Yes,2024
54263896,John Rodriguez,69,Male,White,Middle,Rural,Republican,-3.0,-3.0,-2.0,No,No,Yes,Yes,No,2022
24040721,Patricia Johnson,55,Female,White,High,Suburban,Republican,-2.3,-1.9,-1.4,No,Yes,No,No,No,2018
72435857,Zhang Lan,82,Female,Asian,Middle,Urban,Independent,0.8,1.0,-0.1,No,No,Yes,No,Yes,2024
3682833,Karen Miller,87,Female,White,Low,Urban,Democrat,2.2,2.2,1.4,Yes,Yes,Yes,No,Yes,2024
8586626,Darnell Williams,69,Male,Black,Middle,Rural,Democrat,1.3,2.8,1.9,Yes,No,No,Yes,Yes,2024
37009821,Susan Jones,90,Female,White,Middle,Rural,Democrat,2.2,1.8,1.9,Yes,Yes,No,No,Yes,2024
62861565,Darnell Moore,39,Male,Black,Low,Rural,Democrat,1.5,1.3,2.0,Yes,No,No,No,No,2016
11519479,Maya Choudhury,35,Female,Asian,Middle,Rural,Republican,-2.4,-1.3,-2.9,No,No,Yes,No,No,2020
5517171,Thomas Miller,78,Male,White,Middle,Suburban,Republican,-2.3,-3.0,-1.4,Yes,No,Yes,No,Yes,2024
88910475,David Garcia,56,Male,White,Middle,Rural,Republican,-2.4,-3.0,-1.0,Yes,No,Yes,Yes,Yes,2024
70368208,Yang Lan,22,Female,Asian,Low,Urban,Democrat,2.1,1.6,2.7,NA,NA,NA,Yes,No,2022
54994003,Sarah Rodriguez,82,Female,White,Middle,Urban,Republican,-2.5,-2.3,-2.6,No,No,Yes,No,Yes,2024
19301597,Sarah Miller,48,Female,White,Low,Rural,Democrat,3.0,2.5,1.0,No,No,Yes,No,Yes,2024
64684624,Linda Wilson,55,Female,White,Low,Suburban,Democrat,1.4,1.7,2.3,Yes,Yes,Yes,No,Yes,2024
90261390,Joseph Williams,54,Male,White,High,Urban,Republican,-3.0,-1.3,-1.8,Yes,Yes,No,Yes,Yes,2024
67608937,Jennifer Jones,72,Female,White,High,Rural,Republican,-2.5,-2.6,-1.6,Yes,No,Yes,Yes,Yes,2024
51612148,John Wilson,47,Male,White,High,Urban,Republican,-2.8,-1.8,-2.2,Yes,Yes,Yes,No,Yes,2024
82238709,Patricia Miller,90,Female,White,Middle,Rural,Republican,-2.2,-1.3,-2.7,Yes,Yes,No,No,No,2018
25883597,Nancy Wilson,62,Female,White,Middle,Rural,Democrat,3.0,0.9,2.0,Yes,Yes,No,No,Yes,2024
29285949,Charles Jones,40,Male,White,Low,Urban,Independent,-1.3,-1.1,0.2,Yes,No,Yes,Yes,No,2022
97950742,Nia Williams,18,Female,Black,Middle,Suburban,Democrat,1.8,2.7,2.0,NA,NA,NA,NA,NA,2014
32082844,DeShawn Taylor,70,Male,Black,Low,Rural,Democrat,1.5,2.2,2.4,Yes,Yes,Yes,No,Yes,2024
36121896,Juana Lopez,51,Female,Hispanic,Low,Urban,Democrat,2.0,2.0,1.8,Yes,Yes,Yes,Yes,Yes,2024
730356,Tyrone Jackson,72,Male,Black,Middle,Urban,Democrat,2.0,2.3,0.6,No,No,Yes,Yes,No,2022
84470406,Karen Rodriguez,37,Female,White,Middle,Suburban,Democrat,2.2,2.5,1.2,Yes,No,No,Yes,No,2022
88985930,Mi Lee,35,Female,Asian,Low,Urban,Democrat,2.0,3.0,1.3,No,No,Yes,Yes,Yes,2024
35814164,Li Lei,65,Male,Asian,Middle,Urban,Republican,-1.9,-2.2,-2.1,Yes,Yes,Yes,Yes,Yes,2024
30872254,Guadalupe Sanchez,83,Female,Hispanic,Middle,Suburban,Republican,-2.1,-1.1,-2.5,Yes,Yes,No,No,Yes,2024
43712340,Jennifer Davis,30,Female,White,Low,Suburban,Republican,-2.4,-2.3,-2.5,Yes,Yes,Yes,Yes,Yes,2024
28091954,Joseph Smith,60,Male,White,Middle,Rural,Republican,-1.7,-1.6,-2.8,Yes,No,Yes,No,No,2020
16381546,Mary Wilson,43,Female,White,High,Suburban,Democrat,1.9,2.2,1.7,No,Yes,No,Yes,Yes,2024
85126635,James Rodriguez,79,Male,White,Low,Urban,Democrat,2.1,0.5,0.8,Yes,Yes,Yes,Yes,Yes,2024
6667702,Ana Rodriguez,75,Female,Hispanic,Middle,Urban,Democrat,1.9,1.9,1.5,No,No,Yes,Yes,Yes,2024
94952721,Michael Miller,36,Male,White,High,Suburban,Republican,-3.0,-2.0,-1.5,No,No,No,No,No,2014
31732101,Robert Jones,72,Male,White,Middle,Suburban,Democrat,2.2,2.9,2.3,No,No,Yes,No,No,2020
50325636,Sofia Lopez,82,Female,Hispanic,Low,Suburban,Democrat,2.7,2.9,1.4,Yes,Yes,Yes,Yes,Yes,2024
36133921,Yang Bin,69,Male,Asian,Low,Rural,Republican,-2.1,-1.9,-2.6,Yes,No,No,Yes,Yes,2024
38353110,Aaliyah Taylor,55,Female,Black,Low,Rural,Democrat,2.5,2.2,0.3,Yes,Yes,Yes,No,Yes,2024
49285582,William Smith,41,Male,White,Middle,Urban,Republican,-3.0,-2.9,-2.1,Yes,No,No,Yes,No,2022
12812641,Jessica Garcia,46,Female,White,Low,Rural,Democrat,3.0,2.1,2.6,No,No,Yes,Yes,Yes,2024
77241991,Jessica Rodriguez,57,Female,White,High,Rural,Republican,-1.9,-2.8,-1.5,Yes,No,Yes,Yes,Yes,2024
72302247,Thomas Johnson,48,Male,White,High,Suburban,Republican,-2.6,-2.2,-3.0,Yes,No,Yes,Yes,Yes,2024
33946412,John Johnson,71,Male,White,Low,Suburban,Republican,-3.0,-3.0,-1.6,Yes,Yes,No,Yes,Yes,2024
45723008,Charles Miller,76,Male,White,Middle,Rural,Republican,-1.8,-1.7,-2.0,Yes,No,Yes,Yes,Yes,2024
57370422,Aaliyah Brown,62,Female,Black,Middle,Suburban,Republican,-2.5,-2.3,-1.9,Yes,Yes,Yes,No,Yes,2024
93381771,Joseph Johnson,55,Male,White,Middle,Urban,Democrat,2.1,2.0,1.9,Yes,Yes,Yes,Yes,Yes,2024
65565083,John Williams,28,Male,White,Low,Suburban,Republican,-1.3,-1.4,-1.5,No,No,No,No,Yes,2024
99832761,James Jones,73,Male,White,Low,Urban,Republican,-3.0,-2.2,-2.3,No,Yes,No,Yes,Yes,2024
42368590,Juan Garcia,35,Male,Hispanic,Middle,Suburban,Republican,-1.3,-3.0,-3.0,Yes,No,Yes,No,No,2020
25492850,Patricia Johnson,40,Female,White,Middle,Urban,Democrat,2.0,2.4,0.1,No,No,Yes,No,Yes,2024
51056458,Joseph Wilson,20,Male,White,Middle,Urban,Republican,-2.6,-2.7,-2.1,NA,NA,NA,NA,Yes,2024
40623421,Linda Wilson,63,Female,White,Middle,Urban,Democrat,2.2,2.0,0.6,Yes,Yes,No,Yes,Yes,2024
32257334,Rosa Rodriguez,63,Female,Hispanic,Middle,Urban,Democrat,2.7,2.2,1.7,No,No,Yes,Yes,Yes,2024
31964433,James Johnson,29,Male,White,High,Urban,Republican,-3.0,-2.5,-2.5,Yes,No,No,No,No,2016
1703520,Tamika Wilson,25,Female,Black,Middle,Urban,Democrat,1.5,2.7,1.4,NA,Yes,No,No,Yes,2024
96533587,Liu Li,78,Female,Asian,Middle,Suburban,Democrat,2.5,1.8,1.5,Yes,Yes,Yes,Yes,No,2022
46684917,Jesus Perez,23,Male,Hispanic,Middle,Urban,Democrat,1.5,2.2,2.3,NA,NA,Yes,Yes,Yes,2024
85896139,Thomas Brown,29,Male,White,Middle,Suburban,Republican,-3.0,-2.6,-2.1,Yes,No,Yes,Yes,No,2022
7460915,Michael Brown,39,Male,White,Middle,Suburban,Republican,-2.9,-2.4,-1.7,No,No,No,Yes,Yes,2024
71289414,Richard Jones,72,Male,White,Middle,Urban,Republican,-2.5,-1.9,-2.2,Yes,No,Yes,No,Yes,2024
83459383,Robert Rodriguez,61,Male,White,Middle,Urban,Republican,-1.0,-2.4,-1.6,No,Yes,Yes,Yes,No,2022
37937200,David Smith,66,Male,White,Middle,Urban,Democrat,1.6,3.0,1.9,No,No,No,No,Yes,2024
63851349,James Jones,89,Male,White,Middle,Rural,Republican,-3.0,-1.7,-2.1,No,Yes,Yes,Yes,No,2022
48838178,Ana Martinez,58,Female,Hispanic,Middle,Suburban,Democrat,1.6,1.1,1.5,Yes,No,Yes,No,No,2020
72167100,David Johnson,30,Male,White,Low,Suburban,Democrat,0.7,3.0,1.9,No,Yes,Yes,Yes,Yes,2024
81083372,Zhao Jian,45,Male,Asian,High,Urban,Republican,-2.5,-2.1,-3.0,Yes,No,No,No,Yes,2024
36326045,Rosa Lopez,38,Female,Hispanic,Middle,Rural,Republican,-2.2,-2.3,-2.3,Yes,No,Yes,No,Yes,2024
85550184,Michael Smith,25,Male,White,Middle,Rural,Republican,-2.3,-2.1,-1.5,NA,No,Yes,Yes,Yes,2024
86708557,Liu Yang,27,Male,Asian,Middle,Urban,Democrat,2.2,1.9,1.3,Yes,Yes,Yes,No,No,2020
7187808,Young Choi,86,Male,Asian,Middle,Rural,Republican,-1.5,-2.6,-2.4,No,No,Yes,No,Yes,2024
8518392,William Johnson,44,Male,White,Middle,Urban,Democrat,1.4,2.5,1.9,Yes,Yes,Yes,No,Yes,2024
77133834,Vihaan Mehta,45,Male,Asian,Low,Rural,Republican,-1.1,-2.2,-2.8,No,Yes,Yes,Yes,Yes,2024
83962630,Alejandro Sanchez,19,Male,Hispanic,Middle,Urban,Republican,-2.4,-2.9,-2.2,NA,NA,NA,NA,Yes,2024
65024588,David Williams,88,Male,White,Middle,Rural,Republican,-2.7,-2.1,-2.4,Yes,No,No,Yes,No,2022
52281259,Robert Garcia,89,Male,White,Middle,Urban,Independent,-0.1,0.4,-0.1,Yes,No,Yes,No,Yes,2024
28973636,Joseph Brown,48,Male,White,Middle,Urban,Democrat,1.2,1.9,1.9,Yes,No,Yes,Yes,Yes,2024
33628583,Elizabeth Miller,48,Female,White,High,Urban,Republican,-2.5,-2.5,-1.5,Yes,Yes,Yes,No,Yes,2024
92478522,Keisha Williams,55,Female,Black,High,Suburban,Republican,-2.3,-1.8,-1.7,Yes,No,Yes,No,Yes,2024
96756677,Jessica Davis,25,Female,White,Middle,Suburban,Republican,-2.2,-1.6,-2.9,NA,Yes,No,Yes,Yes,2024
64467134,Elizabeth Rodriguez,89,Female,White,Middle,Rural,Republican,-1.8,-2.8,-1.3,No,Yes,Yes,No,Yes,2024
63774747,Susan Brown,22,Female,White,Middle,Urban,Democrat,1.6,3.0,1.3,NA,NA,NA,No,Yes,2024
54984041,Jose Lopez,67,Male,Hispanic,Middle,Urban,Democrat,1.7,2.7,1.4,Yes,Yes,Yes,Yes,Yes,2024
44231143,Teresa Sanchez,66,Female,Hispanic,Low,Urban,Democrat,2.1,2.6,2.2,Yes,No,Yes,Yes,Yes,2024
87444702,DeShawn Jones,23,Male,Black,Low,Suburban,Democrat,1.7,2.9,0.6,NA,NA,No,No,No,2014
83932171,David Miller,68,Male,White,High,Urban,Republican,-3.0,-2.0,-0.3,No,Yes,No,No,No,2018
75811808,Susan Smith,27,Female,White,Middle,Rural,Republican,-2.0,-1.5,-2.5,No,Yes,No,No,No,2018
12310739,William Garcia,71,Male,White,High,Suburban,Democrat,1.9,2.4,0.8,Yes,No,No,No,Yes,2024
45463031,Sunita Banerjee,34,Female,Asian,Middle,Urban,Democrat,3.0,2.1,0.7,Yes,Yes,Yes,Yes,Yes,2024
12954991,Karen Johnson,74,Female,White,Low,Rural,Democrat,2.1,1.5,1.7,Yes,No,Yes,No,Yes,2024
10334230,Elena Lopez,60,Female,Hispanic,Low,Urban,Republican,-1.9,-1.9,-1.8,Yes,No,Yes,Yes,No,2022
78887470,Michael Garcia,47,Male,White,Middle,Suburban,Republican,-2.3,-1.9,-1.2,Yes,Yes,Yes,No,No,2020
7657470,Susan Jones,33,Female,White,High,Rural,Republican,-1.6,-2.9,-1.5,No,No,Yes,No,Yes,2024
73284680,Robert Smith,65,Male,White,Middle,Urban,Democrat,1.0,3.0,1.4,Yes,No,Yes,No,Yes,2024
68078148,Michael Wilson,63,Male,White,High,Suburban,Republican,-1.1,-2.2,-1.9,Yes,Yes,Yes,Yes,No,2022
48188961,Linda Jones,80,Female,White,Low,Urban,Republican,-1.8,-3.0,-1.4,Yes,Yes,Yes,No,No,2020
85387606,Luis Sanchez,89,Male,Hispanic,Middle,Rural,Independent,-1.3,-0.5,1.0,Yes,No,Yes,No,Yes,2024
65498639,Elena Gonzalez,81,Female,Hispanic,High,Urban,Republican,-2.0,-2.5,-1.7,No,No,Yes,No,No,2020
28087211,Michael Jones,32,Male,White,Middle,Urban,Republican,-2.7,-3.0,-2.0,Yes,Yes,No,No,Yes,2024
34048997,Jessica Davis,59,Female,White,High,Suburban,Republican,-1.7,-2.9,-1.3,Yes,Yes,No,No,No,2018
75471867,Zhang Mei,27,Female,Asian,Middle,Rural,Independent,3.0,-0.8,0.6,Yes,Yes,Yes,Yes,Yes,2024
17147253,Sarah Miller,68,Female,White,Middle,Suburban,Democrat,1.7,2.0,2.8,Yes,No,Yes,Yes,Yes,2024
25316180,William Miller,22,Male,White,Middle,Suburban,Republican,-1.8,-3.0,-2.5,NA,NA,NA,No,Yes,2024
57619213,Antonio Gonzalez,40,Male,Hispanic,High,Urban,Independent,0.1,-0.9,0.8,Yes,No,Yes,No,Yes,2024
57764418,Ji Lee,18,Female,Asian,Middle,Suburban,Democrat,2.0,2.4,0.8,NA,NA,NA,NA,NA,2014
93887246,Tamika Johnson,63,Female,Black,Low,Rural,Democrat,3.0,3.0,1.9,No,Yes,No,No,Yes,2024
13751323,Robert Davis,25,Male,White,High,Suburban,Republican,-2.9,-2.6,-2.1,NA,No,No,No,No,2014
47593048,James Miller,46,Male,White,Middle,Urban,Democrat,0.4,1.8,2.6,Yes,No,Yes,No,No,2020
49900067,William Wilson,75,Male,White,Low,Rural,Republican,-2.3,-2.1,-2.0,No,Yes,Yes,No,Yes,2024
82927121,Chen Yong,41,Male,Asian,Middle,Suburban,Republican,-2.3,-2.0,-2.8,No,Yes,Yes,No,Yes,2024
91639376,Robert Garcia,57,Male,White,Middle,Urban,Republican,-2.8,-1.8,-0.9,No,Yes,Yes,No,Yes,2024
66729763,Shanice Davis,21,Female,Black,Middle,Urban,Democrat,1.1,1.7,1.9,NA,NA,NA,No,No,2014
46797679,Ebony Jackson,47,Female,Black,Low,Suburban,Democrat,2.0,1.8,2.5,No,Yes,Yes,No,Yes,2024
9075284,Imani Wilson,65,Female,Black,Middle,Suburban,Democrat,2.4,3.0,2.6,Yes,Yes,Yes,No,No,2020
40948186,Karen Jones,30,Female,White,Middle,Suburban,Republican,-2.2,-2.5,-1.5,Yes,Yes,Yes,No,Yes,2024
31457901,John Johnson,27,Male,White,Low,Suburban,Republican,-3.0,-2.7,-2.3,Yes,No,No,No,No,2016
43068809,Maria Sanchez,31,Female,Hispanic,Middle,Urban,Democrat,2.7,2.4,1.1,Yes,Yes,Yes,No,No,2020
61913689,Jamal Jones,73,Male,Black,Low,Suburban,Democrat,2.2,1.5,2.0,Yes,No,No,No,No,2016
17518746,Tamika Moore,44,Female,Black,Middle,Suburban,Democrat,2.4,1.8,2.1,Yes,No,Yes,No,No,2020
53229922,Latasha Davis,75,Female,Black,High,Urban,Republican,-0.8,-2.6,-1.9,Yes,Yes,Yes,Yes,Yes,2024
36622848,Yang Xin,48,Male,Asian,High,Suburban,Republican,-3.0,-2.7,-1.4,No,Yes,Yes,Yes,Yes,2024
47869130,Carlos Perez,80,Male,Hispanic,Middle,Urban,Independent,0.6,0.4,0.2,Yes,Yes,Yes,No,Yes,2024
98985379,Michael Davis,79,Male,White,Middle,Rural,Republican,-2.6,-1.7,-1.7,No,Yes,Yes,No,Yes,2024
40567331,Marcus Brown,69,Male,Black,Middle,Urban,Democrat,1.3,2.1,1.3,No,Yes,Yes,Yes,Yes,2024
31518148,Keisha Brown,62,Female,Black,Middle,Suburban,Democrat,2.7,2.6,1.7,No,Yes,Yes,No,No,2020
61606246,Charles Garcia,27,Male,White,Middle,Rural,Republican,-2.0,-1.9,-1.3,No,No,No,Yes,Yes,2024
39304881,Joseph Wilson,64,Male,White,High,Urban,Republican,-0.3,-2.2,-2.7,No,Yes,Yes,Yes,Yes,2024
73466667,Mary Miller,28,Female,White,Middle,Suburban,Democrat,2.6,2.3,2.0,No,Yes,No,Yes,No,2022
37425186,Robert Johnson,74,Male,White,High,Rural,Republican,-2.6,-2.5,-1.4,No,Yes,Yes,No,No,2020
29872893,Amit Mehta,50,Male,Asian,Middle,Urban,Independent,-1.8,-0.1,1.3,Yes,Yes,Yes,Yes,No,2022
13548209,Jennifer Williams,69,Female,White,Middle,Urban,Democrat,2.0,1.2,1.0,Yes,No,No,No,Yes,2024
65667395,Nia Anderson,79,Female,Black,Low,Urban,Democrat,2.1,2.0,2.3,No,No,Yes,Yes,Yes,2024
95130593,Susan Johnson,89,Female,White,Middle,Suburban,Democrat,3.0,2.2,1.4,Yes,No,No,Yes,Yes,2024
98857609,Rosa Martinez,84,Female,Hispanic,Middle,Urban,Democrat,2.9,2.2,0.4,No,Yes,Yes,Yes,Yes,2024
62687920,Linda Johnson,83,Female,White,Low,Urban,Republican,-1.3,-2.1,-1.7,No,Yes,Yes,No,Yes,2024
31578989,Charles Miller,19,Male,White,Middle,Urban,Republican,-0.5,-2.5,-1.9,NA,NA,NA,NA,Yes,2024
14395077,Susan Davis,50,Female,White,Low,Rural,Democrat,2.3,2.3,1.7,Yes,Yes,Yes,Yes,Yes,2024
57013668,Jennifer Davis,45,Female,White,High,Suburban,Republican,-1.2,-3.0,-2.4,Yes,No,No,No,No,2016
79688297,Nancy Miller,67,Female,White,Low,Suburban,Democrat,1.9,0.6,1.9,Yes,No,Yes,Yes,No,2022
26509711,Robert Smith,73,Male,White,High,Rural,Republican,-2.4,-3.0,-1.8,Yes,Yes,Yes,Yes,Yes,2024
11590102,Ebony Williams,37,Female,Black,Low,Urban,Republican,-1.3,-3.0,-2.1,Yes,No,Yes,Yes,Yes,2024
39673288,Marcus Davis,18,Male,Black,Low,Suburban,Democrat,2.2,1.5,1.3,NA,NA,NA,NA,NA,2014
62273025,Luis Sanchez,73,Male,Hispanic,Low,Suburban,Democrat,2.5,2.3,1.5,Yes,Yes,Yes,Yes,Yes,2024
63573639,Terrell Williams,60,Male,Black,High,Urban,Republican,-2.3,-2.5,-1.7,Yes,Yes,Yes,Yes,Yes,2024
45695187,Sarah Williams,66,Female,White,High,Urban,Republican,-0.6,-2.2,-1.5,Yes,Yes,Yes,No,No,2020
61711460,Alejandro Hernandez,65,Male,Hispanic,High,Suburban,Republican,-3.0,-2.7,-1.7,Yes,Yes,Yes,No,Yes,2024
97697106,William Smith,46,Male,White,Low,Rural,Republican,-2.0,-2.9,-2.1,Yes,Yes,No,Yes,No,2022
66525493,Nia Taylor,36,Female,Black,Middle,Urban,Democrat,2.7,2.4,1.8,No,Yes,Yes,Yes,No,2022
80793389,John Jones,67,Male,White,Middle,Rural,Republican,-2.5,-2.3,-2.6,Yes,Yes,No,No,Yes,2024
37304072,Jamal Anderson,62,Male,Black,Middle,Urban,Democrat,1.6,2.2,1.3,No,Yes,Yes,No,No,2020
46483468,David Smith,72,Male,White,High,Urban,Republican,-2.5,-1.8,-2.0,No,No,No,No,Yes,2024
34692017,Richard Rodriguez,78,Male,White,Middle,Urban,Republican,-2.8,-2.1,-2.2,No,Yes,Yes,No,Yes,2024
39427964,Elena Gonzalez,63,Female,Hispanic,Low,Rural,Democrat,1.9,2.5,1.7,No,Yes,No,No,Yes,2024
10449887,Jessica Johnson,50,Female,White,Middle,Urban,Independent,0.2,0.2,1.1,Yes,Yes,No,No,No,2018
69346645,Nancy Smith,61,Female,White,Low,Urban,Democrat,2.7,1.0,2.0,Yes,Yes,Yes,Yes,Yes,2024
53538323,James Miller,52,Male,White,High,Rural,Republican,-2.5,-2.8,-1.6,No,Yes,Yes,No,Yes,2024
6931351,Jesus Gonzalez,39,Male,Hispanic,Middle,Suburban,Republican,-2.7,-1.0,-1.7,Yes,No,Yes,No,Yes,2024
95003099,Shanice Johnson,23,Female,Black,Low,Suburban,Democrat,1.8,1.7,1.6,NA,NA,No,No,No,2014
41731951,Rafael Rodriguez,52,Male,Hispanic,Middle,Suburban,Independent,0.1,-2.2,-0.3,No,Yes,Yes,Yes,No,2022
85561677,John Davis,69,Male,White,Middle,Urban,Republican,-2.5,-2.5,-0.6,Yes,No,No,Yes,Yes,2024
34833899,Zhou Bin,31,Male,Asian,High,Suburban,Republican,-3.0,-2.2,-2.1,Yes,No,Yes,Yes,No,2022
24164095,Jesus Ramirez,65,Male,Hispanic,Low,Rural,Republican,-1.5,-1.5,-1.3,Yes,No,Yes,Yes,Yes,2024
19671633,Liu Xin,66,Male,Asian,Low,Urban,Democrat,1.7,2.0,1.7,Yes,Yes,Yes,Yes,Yes,2024
79133288,Elizabeth Rodriguez,32,Female,White,Low,Rural,Democrat,2.0,2.4,1.4,Yes,Yes,No,No,Yes,2024
45743481,Mary Wilson,19,Female,White,Low,Urban,Democrat,2.5,2.4,1.4,NA,NA,NA,NA,Yes,2024
25631409,Karen Garcia,64,Female,White,Middle,Rural,Republican,-1.0,-2.6,-1.1,No,Yes,Yes,No,Yes,2024
2193558,Richard Miller,42,Male,White,Low,Rural,Republican,-3.0,-2.4,-2.6,Yes,Yes,Yes,Yes,No,2022
72394515,Linda Garcia,80,Female,White,Middle,Rural,Republican,-2.4,-2.3,-2.8,Yes,Yes,Yes,No,Yes,2024
4412301,Karen Rodriguez,23,Female,White,Middle,Rural,Independent,2.6,0.4,1.1,NA,NA,Yes,No,No,2020
55712956,Andre Johnson,36,Male,Black,Low,Rural,Democrat,1.5,1.7,1.6,No,Yes,Yes,No,No,2020
97481053,James Rodriguez,82,Male,White,High,Suburban,Republican,-2.2,-1.4,-3.0,No,Yes,Yes,Yes,No,2022
69306243,Robert Wilson,22,Male,White,Middle,Urban,Republican,-3.0,-2.1,-1.4,NA,NA,NA,Yes,Yes,2024
10142418,Ji Lee,18,Female,Asian,Low,Urban,Democrat,2.2,1.8,1.4,NA,NA,NA,NA,NA,2014
96099246,Jennifer Garcia,21,Female,White,Low,Suburban,Republican,-0.4,-2.9,-2.4,NA,NA,NA,No,Yes,2024
83697234,Elena Lopez,89,Female,Hispanic,Middle,Urban,Democrat,2.2,1.5,2.0,No,No,No,No,No,2014
4189077,Sofia Ramirez,70,Female,Hispanic,Middle,Rural,Democrat,2.7,2.1,2.5,No,No,Yes,Yes,Yes,2024
16836281,Sofia Ramirez,71,Female,Hispanic,Low,Urban,Democrat,2.6,2.5,1.0,Yes,Yes,Yes,Yes,Yes,2024
79070247,Tyrone Wilson,35,Male,Black,Middle,Suburban,Democrat,2.2,2.9,2.2,Yes,Yes,No,Yes,Yes,2024
34466596,Nia Johnson,63,Female,Black,Low,Urban,Democrat,2.9,1.5,0.5,Yes,Yes,Yes,Yes,Yes,2024
9443787,John Jones,35,Male,White,Low,Suburban,Democrat,1.9,1.9,1.4,No,No,No,No,Yes,2024
69218554,Jennifer Davis,60,Female,White,Middle,Urban,Democrat,2.1,2.2,2.4,No,No,Yes,Yes,No,2022
73569837,DeShawn Johnson,65,Male,Black,Middle,Urban,Democrat,0.3,3.0,2.2,No,No,No,No,Yes,2024
82940645,Juana Perez,41,Female,Hispanic,High,Rural,Republican,-2.0,-2.2,-1.5,No,No,Yes,No,No,2020
58476236,Luis Perez,67,Male,Hispanic,High,Urban,Republican,-2.3,-1.9,-1.7,Yes,Yes,Yes,No,Yes,2024
468874,Elena Martinez,59,Female,Hispanic,Low,Rural,Democrat,2.3,2.1,2.7,No,No,Yes,No,Yes,2024
89454495,Nia Taylor,55,Female,Black,Middle,Urban,Democrat,2.9,2.9,2.4,No,Yes,No,No,Yes,2024
179396,Francisco Garcia,30,Male,Hispanic,Middle,Urban,Republican,-3.0,-1.8,-1.1,Yes,Yes,Yes,No,Yes,2024
7570294,Linda Davis,37,Female,White,Middle,Suburban,Republican,-1.9,-1.3,-1.0,Yes,No,Yes,No,Yes,2024
32562326,LaToya Moore,73,Female,Black,Low,Suburban,Democrat,3.0,2.5,2.5,No,Yes,Yes,Yes,No,2022
62563442,John Williams,60,Male,White,Low,Urban,Republican,-2.4,-1.6,-1.1,Yes,Yes,Yes,No,Yes,2024
48530625,Yang Xiu,37,Female,Asian,Low,Suburban,Democrat,2.5,2.4,2.2,No,Yes,No,Yes,No,2022
20914479,DeShawn Taylor,76,Male,Black,Middle,Urban,Democrat,3.0,2.6,2.0,Yes,Yes,No,Yes,No,2022
15387550,Karen Smith,23,Female,White,Low,Suburban,Republican,-1.6,-3.0,-1.8,NA,NA,Yes,No,Yes,2024
27235807,Ebony Davis,79,Female,Black,Middle,Rural,Democrat,1.7,1.2,0.7,Yes,No,Yes,No,Yes,2024
65709694,Linda Smith,22,Female,White,Low,Urban,Democrat,2.0,1.8,1.3,NA,NA,NA,Yes,Yes,2024
48139187,Charles Miller,76,Male,White,High,Urban,Republican,-1.3,-1.7,-2.7,Yes,No,Yes,No,Yes,2024
79926566,Sofia Garcia,57,Female,Hispanic,High,Suburban,Republican,-2.3,-2.4,-1.2,Yes,Yes,Yes,No,Yes,2024
4736273,David Miller,66,Male,White,Low,Urban,Republican,-2.7,-2.3,-2.7,No,Yes,Yes,Yes,Yes,2024
73740963,Joseph Wilson,48,Male,White,Middle,Urban,Republican,-1.7,-2.6,-1.7,Yes,Yes,Yes,Yes,No,2022
81822204,Elizabeth Johnson,24,Female,White,Middle,Suburban,Republican,-0.9,-2.2,-1.3,NA,NA,Yes,Yes,Yes,2024
38239289,David Johnson,76,Male,White,Middle,Rural,Republican,-3.0,-3.0,-1.4,No,No,Yes,No,Yes,2024
13293128,Nancy Jones,62,Female,White,Middle,Urban,Democrat,1.8,2.2,1.8,No,No,Yes,No,No,2020
63560629,Alejandro Ramirez,75,Male,Hispanic,Low,Rural,Democrat,1.6,2.9,1.3,Yes,No,Yes,Yes,Yes,2024
6831357,Nia Williams,59,Female,Black,Middle,Rural,Democrat,3.0,2.1,1.8,Yes,No,No,Yes,No,2022
13841201,Jessica Brown,87,Female,White,Low,Urban,Republican,-1.9,-2.6,-1.9,Yes,Yes,No,No,Yes,2024
38262144,Elizabeth Wilson,18,Female,White,Low,Suburban,Republican,-0.7,-2.0,-1.8,NA,NA,NA,NA,NA,2014
19120126,Jennifer Jones,45,Female,White,Low,Urban,Democrat,1.3,2.4,2.0,No,No,Yes,Yes,Yes,2024
27013142,Thomas Williams,68,Male,White,Middle,Urban,Republican,-2.6,-1.7,-1.6,No,Yes,No,No,Yes,2024
80073250,Joseph Miller,67,Male,White,Middle,Urban,Republican,-3.0,-2.4,-2.1,No,No,Yes,No,Yes,2024
90985467,Patricia Jones,46,Female,White,Low,Suburban,Republican,-1.6,-3.0,-1.1,No,No,Yes,No,Yes,2024
99670757,Thomas Garcia,54,Male,White,Low,Urban,Independent,0.6,-1.3,-0.5,Yes,No,No,No,Yes,2024
60057751,James Rodriguez,27,Male,White,Middle,Urban,Republican,-3.0,-2.3,-1.3,No,Yes,No,No,Yes,2024
14461131,Patricia Brown,63,Female,White,Middle,Urban,Democrat,2.4,2.3,2.4,Yes,Yes,Yes,No,No,2020
48661148,Terrell Johnson,31,Male,Black,Middle,Rural,Democrat,0.9,1.7,1.3,No,Yes,Yes,No,Yes,2024
94105201,Michael Rodriguez,23,Male,White,Low,Rural,Republican,-1.2,-1.9,-1.6,NA,NA,No,Yes,Yes,2024
84575142,Jamal Taylor,87,Male,Black,Middle,Suburban,Democrat,2.2,2.9,1.6,Yes,Yes,Yes,No,Yes,2024
3162494,David Miller,83,Male,White,High,Rural,Republican,-2.4,-1.9,-2.3,No,No,No,Yes,No,2022
78065115,LaToya Wilson,41,Female,Black,Middle,Suburban,Democrat,2.4,3.0,1.7,Yes,Yes,Yes,No,No,2020
7573098,Ana Ramirez,40,Female,Hispanic,High,Urban,Republican,-2.5,-2.7,-2.2,No,No,No,No,No,2014
32916296,David Miller,53,Male,White,Middle,Urban,Republican,-1.1,-2.2,-2.1,Yes,No,No,No,Yes,2024
1217289,Nancy Wilson,90,Female,White,Low,Rural,Republican,-2.2,-1.9,-2.3,Yes,No,Yes,No,No,2020
23049856,John Brown,45,Male,White,Middle,Rural,Republican,-3.0,-2.4,-2.2,No,No,Yes,No,No,2020
59361842,Rafael Rodriguez,73,Male,Hispanic,Low,Urban,Republican,-2.2,-2.3,-1.7,Yes,Yes,Yes,Yes,Yes,2024
96849852,Michael Davis,47,Male,White,High,Rural,Republican,-1.9,-2.5,-2.2,No,No,Yes,Yes,No,2022
35921707,Mary Garcia,65,Female,White,Middle,Urban,Democrat,2.6,1.8,1.1,Yes,No,Yes,No,No,2020
25473446,Susan Jones,23,Female,White,Low,Rural,Democrat,2.9,2.2,2.6,NA,NA,Yes,No,Yes,2024
4792257,Richard Garcia,74,Male,White,Middle,Urban,Democrat,1.8,2.1,1.2,No,Yes,Yes,No,No,2020
37726517,Michael Williams,77,Male,White,Low,Suburban,Republican,-2.5,-3.0,-1.6,Yes,No,No,Yes,No,2022
93782572,Nancy Jones,65,Female,White,Middle,Urban,Democrat,2.6,2.0,2.1,Yes,No,No,No,No,2016
67106125,David Wilson,52,Male,White,Low,Urban,Republican,-3.0,-2.3,-1.7,Yes,No,No,Yes,Yes,2024
64603721,David Miller,71,Male,White,Middle,Urban,Republican,-2.0,-1.8,-1.6,Yes,No,Yes,Yes,Yes,2024
14643955,Mary Jones,65,Female,White,Middle,Urban,Democrat,3.0,2.6,0.7,No,No,Yes,Yes,No,2022
87485451,Tyrone Johnson,64,Male,Black,Middle,Suburban,Democrat,1.6,2.2,0.6,Yes,No,No,No,Yes,2024
78564134,Michael Williams,77,Male,White,High,Rural,Republican,-2.9,-2.8,-1.3,Yes,Yes,Yes,Yes,No,2022
73207429,Robert Davis,38,Male,White,Middle,Rural,Republican,-3.0,-2.5,-1.7,Yes,Yes,No,Yes,Yes,2024
49640495,Charles Smith,52,Male,White,Low,Urban,Republican,-2.1,-2.8,-1.0,No,No,Yes,No,No,2020
90727571,John Garcia,69,Male,White,Middle,Suburban,Republican,-3.0,-2.9,-2.1,Yes,No,No,Yes,No,2022
59541172,Juana Garcia,49,Female,Hispanic,High,Suburban,Republican,-1.9,-1.7,-2.4,No,No,Yes,No,No,2020
28620745,Guadalupe Lopez,37,Female,Hispanic,Low,Urban,Democrat,1.7,1.5,1.2,Yes,Yes,No,No,No,2018
87514638,David Smith,45,Male,White,Middle,Suburban,Republican,-2.4,-2.4,-2.5,Yes,Yes,Yes,No,Yes,2024
85756128,Jennifer Garcia,31,Female,White,High,Rural,Republican,-1.6,-3.0,-1.8,No,Yes,No,Yes,Yes,2024
60871346,Sofia Hernandez,90,Female,Hispanic,High,Rural,Republican,-2.5,-2.1,-3.0,Yes,Yes,Yes,Yes,Yes,2024
16314333,Hye Shin,63,Female,Asian,Middle,Urban,Democrat,1.6,1.6,1.0,Yes,Yes,Yes,Yes,No,2022
29532922,David Brown,51,Male,White,Middle,Urban,Republican,-1.9,-2.4,-2.2,Yes,Yes,No,No,No,2018
39672538,Nancy Rodriguez,53,Female,White,Middle,Suburban,Republican,-2.3,-2.5,-2.0,Yes,Yes,Yes,No,Yes,2024
50818940,Michael Garcia,69,Male,White,Middle,Urban,Republican,-2.7,-2.0,-3.0,Yes,No,No,Yes,No,2022
31612470,Sarah Wilson,31,Female,White,Middle,Urban,Democrat,1.0,2.6,2.2,Yes,Yes,No,No,Yes,2024
78383301,Sarah Rodriguez,89,Female,White,Middle,Rural,Democrat,2.5,2.6,1.4,No,No,Yes,Yes,No,2022
2279337,Karen Jones,68,Female,White,High,Suburban,Republican,-2.3,-2.4,-2.1,No,Yes,Yes,Yes,No,2022
62618916,Elizabeth Jones,43,Female,White,Middle,Rural,Democrat,2.5,0.6,1.3,No,Yes,Yes,Yes,No,2022
89039423,Darius Williams,84,Male,Black,Low,Suburban,Democrat,1.6,1.5,1.2,Yes,No,Yes,Yes,Yes,2024
14372038,James Brown,53,Male,White,Low,Suburban,Republican,-1.8,-2.6,-2.3,No,No,Yes,No,Yes,2024
16938659,Jose Lopez,55,Male,Hispanic,Middle,Urban,Democrat,0.6,1.3,1.0,No,No,No,No,No,2014
7949053,James Wilson,63,Male,White,Middle,Urban,Republican,-2.9,-3.0,-2.8,Yes,Yes,Yes,Yes,Yes,2024
53642264,William Smith,24,Male,White,Middle,Urban,Democrat,1.6,1.7,1.5,NA,NA,Yes,Yes,Yes,2024
94937405,Mary Rodriguez,90,Female,White,Low,Urban,Republican,-1.6,-2.5,-1.6,Yes,Yes,No,Yes,Yes,2024
91662484,Aaliyah Johnson,32,Female,Black,Low,Urban,Democrat,2.8,2.2,1.4,No,No,Yes,Yes,No,2022
53976847,Robert Williams,61,Male,White,Middle,Rural,Democrat,2.4,1.3,1.8,Yes,Yes,No,Yes,Yes,2024
60171122,Michael Davis,75,Male,White,Middle,Urban,Republican,-3.0,-2.4,-1.4,Yes,Yes,Yes,No,Yes,2024
24007314,Elizabeth Jones,59,Female,White,Middle,Rural,Democrat,1.9,1.7,1.8,Yes,No,Yes,No,No,2020
20026594,Marcus Wilson,30,Male,Black,Middle,Suburban,Democrat,2.9,2.1,1.0,No,No,Yes,No,No,2020
37896105,Susan Johnson,53,Female,White,High,Urban,Republican,-0.6,-2.3,-1.2,No,Yes,Yes,Yes,No,2022
74803210,Joseph Miller,55,Male,White,Middle,Rural,Republican,-2.8,-2.8,-3.0,Yes,Yes,Yes,Yes,Yes,2024
24597924,Arjun Sharma,59,Male,Asian,Middle,Rural,Republican,-2.9,-3.0,-3.0,Yes,Yes,No,Yes,No,2022
28609519,Rafael Rodriguez,70,Male,Hispanic,Low,Suburban,Democrat,1.9,3.0,1.7,Yes,No,No,Yes,No,2022
7381645,Joseph Rodriguez,62,Male,White,Middle,Urban,Republican,-2.4,-1.7,-2.8,Yes,Yes,No,No,Yes,2024
61655679,DeShawn Wilson,45,Male,Black,Low,Urban,Democrat,1.4,2.4,2.8,No,No,Yes,No,No,2020
60756405,Tanisha Williams,47,Female,Black,Middle,Suburban,Democrat,2.0,1.5,1.8,Yes,Yes,Yes,Yes,Yes,2024
75210322,Thomas Smith,25,Male,White,High,Rural,Republican,-2.9,-2.3,-2.3,NA,No,Yes,Yes,No,2022
35566815,Tyrone Wilson,34,Male,Black,Middle,Urban,Democrat,1.5,1.5,1.8,Yes,Yes,Yes,No,No,2020
19735715,Chen Xiu,26,Female,Asian,High,Urban,Republican,-2.5,-1.9,-2.0,NA,No,No,Yes,Yes,2024
5743957,Patricia Wilson,90,Female,White,Middle,Suburban,Democrat,2.7,2.3,1.8,No,No,No,No,Yes,2024
43424119,Sofia Hernandez,86,Female,Hispanic,High,Urban,Republican,-1.9,-3.0,-2.1,Yes,No,Yes,Yes,Yes,2024
92839306,Charles Jones,73,Male,White,Middle,Suburban,Democrat,1.6,3.0,0.4,Yes,No,No,Yes,Yes,2024
77450902,Thomas Davis,38,Male,White,Low,Suburban,Republican,-1.8,-0.7,-2.2,Yes,Yes,Yes,Yes,Yes,2024
40220123,Keisha Davis,70,Female,Black,Low,Urban,Democrat,2.1,1.7,1.4,No,Yes,Yes,No,Yes,2024
19535567,Jose Hernandez,44,Male,Hispanic,High,Urban,Republican,-3.0,-2.7,-3.0,No,No,Yes,Yes,No,2022
94497446,William Davis,22,Male,White,High,Rural,Republican,-2.3,-2.4,-2.5,NA,NA,NA,Yes,Yes,2024
60739832,Jennifer Johnson,75,Female,White,High,Urban,Republican,-2.5,-3.0,-1.3,Yes,Yes,Yes,No,Yes,2024
56391381,Richard Williams,52,Male,White,High,Suburban,Republican,-1.9,-1.5,-1.2,Yes,Yes,Yes,Yes,No,2022
30779381,Linda Miller,58,Female,White,Middle,Suburban,Democrat,2.5,2.2,1.8,Yes,Yes,Yes,No,Yes,2024
64672487,Alejandro Rodriguez,21,Male,Hispanic,Low,Urban,Independent,1.2,1.1,1.2,NA,NA,NA,Yes,Yes,2024
79647267,Linda Davis,81,Female,White,Middle,Urban,Democrat,2.6,1.8,3.0,Yes,No,Yes,No,Yes,2024
65211648,Elizabeth Miller,80,Female,White,Middle,Urban,Democrat,3.0,0.9,1.5,Yes,Yes,Yes,No,No,2020
22800810,LaToya Taylor,45,Female,Black,Low,Suburban,Democrat,1.9,2.6,2.0,No,Yes,Yes,Yes,Yes,2024
43401695,Elizabeth Miller,22,Female,White,Middle,Rural,Democrat,2.3,1.0,0.9,NA,NA,NA,No,Yes,2024
50485591,Aaliyah Anderson,88,Female,Black,Middle,Urban,Democrat,3.0,2.5,1.5,Yes,Yes,No,No,Yes,2024
21545780,Maria Torres,75,Female,Hispanic,Middle,Rural,Republican,-0.8,-2.6,-1.6,No,Yes,No,No,Yes,2024
23867484,Linda Brown,48,Female,White,Middle,Suburban,Democrat,1.7,2.4,1.9,Yes,Yes,Yes,No,No,2020
6313726,Joseph Jones,19,Male,White,Middle,Rural,Democrat,1.8,2.5,2.2,NA,NA,NA,NA,No,2014
47062086,Na Park,43,Female,Asian,High,Rural,Democrat,2.6,2.1,1.9,Yes,Yes,Yes,No,No,2020
61738396,Elizabeth Brown,80,Female,White,Low,Suburban,Democrat,2.2,1.9,0.9,Yes,Yes,Yes,No,Yes,2024
645561,Tyrone Taylor,73,Male,Black,Middle,Urban,Democrat,0.5,1.7,1.8,Yes,No,Yes,Yes,No,2022
77684013,David Brown,42,Male,White,Middle,Rural,Republican,-2.8,-2.8,-1.6,Yes,No,Yes,No,Yes,2024
89846590,Robert Jones,20,Male,White,Middle,Urban,Republican,-2.2,-2.3,-1.7,NA,NA,NA,NA,Yes,2024
89907433,Joseph Jones,34,Male,White,Middle,Urban,Democrat,1.3,1.1,2.5,Yes,No,Yes,Yes,Yes,2024
74438124,Robert Smith,25,Male,White,High,Suburban,Republican,-2.8,-2.0,-1.9,NA,No,Yes,No,Yes,2024
94653609,Charles Davis,73,Male,White,Low,Urban,Republican,-2.1,-2.0,-3.0,Yes,No,No,No,Yes,2024
63618522,Teresa Hernandez,48,Female,Hispanic,Middle,Urban,Democrat,3.0,1.9,1.2,Yes,No,Yes,No,No,2020
70645157,Aaliyah Brown,71,Female,Black,Middle,Urban,Democrat,1.3,2.0,2.1,Yes,No,Yes,Yes,Yes,2024
84891373,Karen Johnson,54,Female,White,Low,Suburban,Democrat,1.9,1.4,2.8,Yes,Yes,No,Yes,No,2022
27314549,LaToya Wilson,46,Female,Black,Low,Urban,Democrat,1.8,2.7,2.8,Yes,Yes,Yes,Yes,Yes,2024
904645,Zhang Xiu,38,Female,Asian,Middle,Urban,Democrat,3.0,2.5,-0.2,Yes,Yes,Yes,No,Yes,2024
39920552,Joseph Smith,22,Male,White,Middle,Urban,Republican,-2.6,-1.8,-0.7,NA,NA,NA,No,Yes,2024
20222216,Jamal Taylor,19,Male,Black,High,Suburban,Republican,-3.0,-1.8,-2.4,NA,NA,NA,NA,No,2014
55958270,James Smith,42,Male,White,High,Urban,Republican,-1.1,-2.6,-1.7,Yes,No,No,Yes,No,2022
62930063,Juana Rodriguez,74,Female,Hispanic,High,Urban,Republican,-1.4,-2.7,-2.1,Yes,Yes,Yes,No,No,2020
50029740,Charles Rodriguez,28,Male,White,High,Suburban,Republican,-1.5,-1.7,-2.0,Yes,Yes,Yes,Yes,Yes,2024
60241161,William Davis,88,Male,White,High,Urban,Republican,-2.8,-2.7,-1.5,Yes,No,Yes,Yes,Yes,2024
76593357,Elizabeth Rodriguez,60,Female,White,Low,Suburban,Democrat,2.1,2.2,2.7,Yes,Yes,No,No,Yes,2024
4569888,Darius Davis,54,Male,Black,Low,Suburban,Republican,-2.5,-2.7,-1.7,Yes,No,Yes,Yes,No,2022
90375503,John Williams,37,Male,White,Middle,Suburban,Democrat,1.9,1.0,0.7,Yes,No,No,No,Yes,2024
45016715,Juan Gonzalez,64,Male,Hispanic,High,Suburban,Republican,-2.3,-2.2,-1.5,No,No,No,No,No,2014
10246575,Priya Mehta,40,Female,Asian,Middle,Suburban,Democrat,2.0,2.0,0.6,Yes,Yes,Yes,No,Yes,2024
47401073,Shanice Jones,32,Female,Black,Middle,Urban,Democrat,3.0,1.8,1.6,Yes,Yes,Yes,No,Yes,2024
29893940,Robert Davis,35,Male,White,Middle,Urban,Republican,-2.8,-1.5,-1.4,No,Yes,Yes,No,Yes,2024
65643988,Michael Jones,85,Male,White,High,Suburban,Republican,-3.0,-1.4,-1.2,Yes,No,Yes,No,Yes,2024
11360718,Juana Ramirez,79,Female,Hispanic,Low,Urban,Democrat,1.7,1.4,2.1,Yes,Yes,Yes,No,Yes,2024
92461093,Michael Davis,56,Male,White,Middle,Urban,Democrat,1.0,2.0,1.1,Yes,No,Yes,Yes,No,2022
43228997,Ana Garcia,40,Female,Hispanic,Middle,Urban,Democrat,2.2,2.6,1.7,No,Yes,Yes,Yes,Yes,2024
13953423,Jessica Davis,61,Female,White,Middle,Urban,Democrat,1.8,1.3,1.5,Yes,Yes,Yes,Yes,Yes,2024
97487527,Guadalupe Ramirez,63,Female,Hispanic,Middle,Urban,Republican,-2.1,-1.2,-1.6,No,No,Yes,No,Yes,2024
16606839,William Rodriguez,50,Male,White,Middle,Suburban,Republican,-1.7,-3.0,-1.5,Yes,Yes,Yes,No,Yes,2024
37346422,Elizabeth Davis,85,Female,White,Middle,Suburban,Democrat,2.1,2.3,1.0,Yes,Yes,Yes,Yes,Yes,2024
99732077,Richard Jones,79,Male,White,Middle,Rural,Independent,0.7,0.7,-1.8,Yes,No,Yes,No,No,2020
28581857,James Davis,62,Male,White,Middle,Urban,Republican,-3.0,-2.4,-1.7,Yes,Yes,No,Yes,Yes,2024
71421102,Darnell Taylor,25,Male,Black,Low,Rural,Democrat,0.9,1.5,1.3,NA,Yes,Yes,Yes,Yes,2024
79338353,Rosa Sanchez,83,Female,Hispanic,Low,Urban,Democrat,2.2,2.3,2.2,No,Yes,Yes,Yes,Yes,2024
40377991,Nancy Williams,85,Female,White,Middle,Urban,Democrat,1.9,1.6,1.7,No,Yes,Yes,Yes,Yes,2024
21952775,Rosa Rodriguez,51,Female,Hispanic,Middle,Urban,Democrat,2.2,2.2,1.6,Yes,Yes,Yes,No,Yes,2024
65428703,Susan Garcia,30,Female,White,Middle,Urban,Democrat,2.0,1.6,1.7,No,No,Yes,No,Yes,2024
36103455,Linda Miller,88,Female,White,Low,Urban,Democrat,2.2,2.0,1.4,Yes,Yes,No,No,No,2018
81446270,Jamal Davis,49,Male,Black,Low,Urban,Democrat,1.9,2.6,0.6,No,Yes,No,No,Yes,2024
44227750,Jose Gonzalez,86,Male,Hispanic,Low,Urban,Democrat,1.6,2.2,2.2,No,Yes,No,No,No,2018
17923725,Guadalupe Martinez,29,Female,Hispanic,High,Urban,Republican,-1.3,-1.6,-3.0,Yes,Yes,No,No,No,2018
56547771,Robert Rodriguez,21,Male,White,Middle,Urban,Republican,-1.5,-2.1,-2.0,NA,NA,NA,No,No,2014
11100938,Liu Li,54,Female,Asian,Low,Suburban,Independent,0.3,-1.0,-2.0,No,Yes,Yes,Yes,Yes,2024
86774446,Robert Wilson,39,Male,White,High,Suburban,Republican,-3.0,-2.4,-2.0,Yes,Yes,Yes,No,Yes,2024
58243286,Karen Brown,67,Female,White,Low,Suburban,Republican,-1.3,-2.8,-1.7,Yes,Yes,Yes,Yes,Yes,2024
11592127,Robert Brown,50,Male,White,Low,Suburban,Republican,-2.4,-1.7,-1.1,No,Yes,Yes,No,No,2020
64801008,Shreya Reddy,43,Female,Asian,Low,Rural,Independent,-0.6,-1.2,0.5,Yes,Yes,Yes,No,Yes,2024
59876794,Teresa Torres,42,Female,Hispanic,Low,Suburban,Democrat,2.7,2.7,1.6,No,No,Yes,No,No,2020
53571195,David Brown,89,Male,White,Middle,Suburban,Republican,-1.9,-2.9,-2.1,No,No,No,No,No,2014
9877674,Richard Jones,65,Male,White,Middle,Urban,Republican,-3.0,-2.0,-1.7,No,No,No,Yes,No,2022
68862685,Jesus Ramirez,64,Male,Hispanic,Middle,Suburban,Republican,-3.0,-2.9,-1.2,Yes,Yes,No,Yes,No,2022
23451924,Eun Yoon,43,Female,Asian,Middle,Urban,Democrat,1.9,1.8,2.1,No,Yes,No,Yes,Yes,2024
9589709,Robert Smith,74,Male,White,High,Rural,Republican,-1.9,-3.0,-2.9,Yes,Yes,Yes,Yes,No,2022
81534613,Susan Smith,47,Female,White,Middle,Urban,Republican,-2.5,-1.6,-1.2,No,Yes,Yes,Yes,No,2022
7567306,John Brown,21,Male,White,Low,Urban,Republican,-1.6,-2.0,-2.3,NA,NA,NA,Yes,Yes,2024
34777080,John Smith,18,Male,White,Low,Suburban,Independent,0.6,0.6,1.5,NA,NA,NA,NA,NA,2014
86644229,Mary Miller,55,Female,White,Low,Suburban,Republican,-1.7,-2.6,-1.1,Yes,No,No,No,Yes,2024
98835146,David Williams,79,Male,White,High,Suburban,Republican,-2.3,-3.0,-1.2,No,Yes,No,No,Yes,2024
95671043,Ji Choi,32,Female,Asian,Middle,Rural,Republican,-1.3,-3.0,-2.8,Yes,Yes,Yes,No,No,2020
86632780,Nancy Brown,61,Female,White,Middle,Rural,Democrat,1.7,1.7,2.7,No,No,Yes,Yes,No,2022
16101779,Karen Jones,56,Female,White,Low,Urban,Republican,-2.5,-2.8,-3.0,Yes,Yes,No,Yes,No,2022
55845126,Terrell Jackson,21,Male,Black,Low,Urban,Democrat,2.1,1.0,0.9,NA,NA,NA,No,Yes,2024
22763335,Tremayne Davis,56,Male,Black,Middle,Urban,Democrat,1.5,1.8,1.0,Yes,Yes,No,No,Yes,2024
52814946,Guadalupe Perez,38,Female,Hispanic,Low,Suburban,Democrat,1.5,2.8,3.0,No,No,No,No,Yes,2024
92187818,Joseph Miller,69,Male,White,Low,Urban,Democrat,1.0,2.1,1.8,No,Yes,Yes,Yes,Yes,2024
19014390,Linda Wilson,90,Female,White,Middle,Suburban,Democrat,2.3,1.2,1.7,Yes,No,No,Yes,Yes,2024
29625348,William Wilson,65,Male,White,High,Rural,Republican,-2.8,-3.0,-1.1,Yes,No,No,No,No,2016
27344351,Sanjay Singh,58,Male,Asian,Middle,Suburban,Republican,-1.9,-2.2,-2.0,No,Yes,Yes,No,No,2020
57076810,Robert Jones,51,Male,White,Middle,Urban,Democrat,1.9,1.6,2.2,Yes,No,Yes,No,Yes,2024
72978467,Maria Rodriguez,19,Female,Hispanic,Low,Suburban,Democrat,2.0,2.0,2.3,NA,NA,NA,NA,No,2014
84414051,Robert Miller,56,Male,White,Low,Urban,Republican,-2.8,-2.6,-1.3,Yes,No,No,Yes,Yes,2024
64565897,Elizabeth Rodriguez,38,Female,White,Middle,Suburban,Republican,-1.9,-2.0,-1.3,No,No,Yes,Yes,No,2022
76101223,Juana Torres,71,Female,Hispanic,Low,Urban,Democrat,1.7,2.3,0.6,No,No,Yes,No,Yes,2024
11599277,Linda Johnson,26,Female,White,Middle,Rural,Republican,-2.3,-1.2,-2.7,NA,Yes,Yes,No,No,2020
78222986,Robert Williams,61,Male,White,Low,Urban,Republican,-2.2,-2.2,-1.8,Yes,Yes,Yes,No,Yes,2024
90051752,Jose Lopez,46,Male,Hispanic,Middle,Suburban,Republican,-2.7,-2.4,-2.1,No,Yes,Yes,Yes,No,2022
90320721,David Wilson,66,Male,White,Middle,Urban,Democrat,1.5,2.0,1.5,Yes,No,Yes,Yes,Yes,2024
91090608,Latasha Johnson,18,Female,Black,Low,Urban,Democrat,2.4,1.8,2.0,NA,NA,NA,NA,NA,2014
74116844,Carlos Torres,55,Male,Hispanic,Middle,Urban,Democrat,2.5,1.3,2.5,No,Yes,Yes,Yes,No,2022
92267191,Jessica Davis,28,Female,White,Low,Suburban,Democrat,2.3,2.8,1.3,Yes,No,Yes,No,Yes,2024
62298010,Jennifer Rodriguez,31,Female,White,Middle,Rural,Democrat,2.6,1.3,1.0,Yes,Yes,No,Yes,No,2022
87974433,Shanice Williams,27,Female,Black,Low,Suburban,Democrat,2.7,1.9,1.4,No,Yes,No,No,Yes,2024
88359591,Miguel Hernandez,72,Male,Hispanic,Low,Urban,Democrat,1.7,1.9,2.3,No,Yes,No,No,Yes,2024
31552499,Ana Garcia,46,Female,Hispanic,Middle,Suburban,Democrat,3.0,1.8,2.4,No,No,Yes,No,No,2020
70645613,Charles Wilson,58,Male,White,Low,Urban,Republican,-1.1,-1.4,-2.1,Yes,No,Yes,Yes,Yes,2024
79979160,Richard Jones,32,Male,White,Middle,Urban,Democrat,3.0,2.0,1.4,Yes,Yes,Yes,Yes,No,2022
62516040,Jessica Davis,82,Female,White,Low,Urban,Democrat,2.5,2.6,2.4,No,No,Yes,No,Yes,2024
18533851,Elizabeth Williams,18,Female,White,Low,Urban,Democrat,1.4,1.5,2.4,NA,NA,NA,NA,NA,2014
17592614,Juan Sanchez,48,Male,Hispanic,High,Suburban,Republican,-1.9,-2.3,-1.4,No,No,Yes,Yes,No,2022
25247775,John Johnson,78,Male,White,Middle,Suburban,Democrat,2.0,2.2,2.1,Yes,No,No,Yes,Yes,2024
28499759,Elizabeth Rodriguez,31,Female,White,High,Urban,Republican,-1.9,-2.4,-1.9,Yes,Yes,No,No,Yes,2024
98628175,Nia Davis,50,Female,Black,High,Urban,Republican,-1.7,-2.6,-2.2,Yes,No,No,No,Yes,2024
77214905,David Brown,36,Male,White,Low,Rural,Republican,-2.0,-2.2,-2.1,Yes,Yes,Yes,No,No,2020
24108754,Jose Garcia,87,Male,Hispanic,High,Urban,Republican,-2.3,-3.0,-2.1,No,Yes,Yes,Yes,No,2022
96233295,Robert Smith,36,Male,White,Middle,Rural,Democrat,1.9,3.0,1.9,Yes,No,Yes,Yes,Yes,2024
13269505,Elizabeth Smith,76,Female,White,Middle,Rural,Independent,-1.0,-1.5,0.5,Yes,Yes,No,No,No,2018
4576999,David Williams,51,Male,White,Low,Urban,Democrat,2.4,2.9,1.9,Yes,Yes,No,Yes,Yes,2024
85603351,Carmen Gonzalez,34,Female,Hispanic,Middle,Urban,Democrat,1.0,2.2,1.4,No,No,Yes,Yes,No,2022
46803096,Susan Jones,19,Female,White,High,Urban,Republican,-1.5,-1.5,-2.0,NA,NA,NA,NA,No,2014
80852971,Jennifer Rodriguez,74,Female,White,Middle,Rural,Republican,-1.9,-1.9,-2.4,Yes,No,No,Yes,No,2022
26705457,John Wilson,44,Male,White,Middle,Suburban,Republican,-2.0,-2.4,-1.7,Yes,Yes,Yes,Yes,Yes,2024
370177,Jennifer Brown,49,Female,White,Middle,Rural,Democrat,2.3,2.1,1.5,No,No,Yes,Yes,Yes,2024
29844628,Jamal Jones,49,Male,Black,Middle,Urban,Democrat,0.7,1.7,2.1,Yes,Yes,No,No,Yes,2024
54582194,Mi Song,29,Female,Asian,High,Suburban,Republican,-2.2,-1.8,-1.8,Yes,No,Yes,Yes,Yes,2024
39883242,Elizabeth Brown,67,Female,White,Low,Urban,Democrat,2.4,2.1,0.6,Yes,Yes,Yes,No,No,2020
93292910,Charles Miller,28,Male,White,Low,Urban,Democrat,2.4,2.6,1.0,Yes,Yes,Yes,Yes,Yes,2024
75269453,Elizabeth Rodriguez,23,Female,White,Low,Urban,Republican,-1.8,-1.9,-2.8,NA,NA,Yes,Yes,Yes,2024
95142442,Sofia Garcia,67,Female,Hispanic,Low,Suburban,Republican,-1.3,-3.0,-0.7,No,No,Yes,Yes,Yes,2024
4372800,Darius Jones,83,Male,Black,Low,Urban,Democrat,2.0,1.8,1.8,Yes,No,Yes,Yes,Yes,2024
53894299,Imani Wilson,52,Female,Black,Middle,Urban,Democrat,2.5,1.7,1.2,Yes,Yes,Yes,No,Yes,2024
22823304,Jesus Garcia,59,Male,Hispanic,Middle,Suburban,Independent,0.2,0.1,-0.5,No,No,Yes,No,Yes,2024
47038129,William Johnson,23,Male,White,High,Rural,Republican,-3.0,-2.1,-1.9,NA,NA,Yes,Yes,No,2022
64407554,Francisco Perez,74,Male,Hispanic,High,Suburban,Republican,-2.2,-1.7,-2.4,No,No,Yes,No,Yes,2024
49055768,Darnell Wilson,30,Male,Black,Low,Urban,Democrat,1.7,2.2,2.3,No,No,No,No,Yes,2024
37674943,Francisco Rodriguez,79,Male,Hispanic,Middle,Suburban,Republican,-2.3,-2.5,-1.6,Yes,No,Yes,Yes,Yes,2024
55801008,Karen Williams,60,Female,White,Middle,Urban,Democrat,3.0,2.0,1.4,Yes,No,Yes,Yes,Yes,2024
25876388,John Williams,48,Male,White,Middle,Urban,Democrat,0.9,1.8,1.2,Yes,No,No,No,No,2016
43566408,Jennifer Jones,24,Female,White,Low,Urban,Democrat,2.1,2.4,2.4,NA,NA,Yes,No,No,2020
7503348,Michael Davis,54,Male,White,Low,Urban,Democrat,1.0,2.2,1.7,Yes,Yes,Yes,Yes,No,2022
26947117,Richard Rodriguez,67,Male,White,High,Urban,Democrat,1.8,2.7,0.9,Yes,Yes,Yes,Yes,Yes,2024
29533331,Ana Ramirez,47,Female,Hispanic,Low,Urban,Democrat,2.0,2.8,2.1,No,No,Yes,No,Yes,2024
51586538,Rosa Hernandez,68,Female,Hispanic,Low,Urban,Democrat,1.7,2.7,1.7,Yes,No,No,No,Yes,2024
92264938,Patricia Brown,32,Female,White,High,Suburban,Democrat,1.6,1.6,2.1,No,No,No,No,Yes,2024
16050435,Mary Wilson,35,Female,White,Low,Suburban,Democrat,2.6,2.0,0.9,No,No,Yes,No,No,2020
40776008,Susan Williams,20,Female,White,High,Suburban,Independent,2.5,1.6,0.6,NA,NA,NA,NA,Yes,2024
80572910,Mary Williams,40,Female,White,Low,Urban,Democrat,3.0,1.8,2.5,No,No,Yes,Yes,Yes,2024
53139493,Jennifer Davis,41,Female,White,Low,Urban,Republican,-2.2,-2.1,-1.6,No,No,Yes,No,Yes,2024
30440544,James Johnson,87,Male,White,Middle,Urban,Republican,-2.4,-1.7,-2.1,No,No,Yes,No,No,2020
25314517,Tanisha Davis,46,Female,Black,High,Rural,Republican,-2.2,-2.4,-1.6,Yes,No,Yes,Yes,Yes,2024
47632524,Vikram Patel,42,Male,Asian,Low,Urban,Democrat,2.1,1.6,0.9,No,No,No,Yes,Yes,2024
30544504,Min Lee,58,Male,Asian,Middle,Suburban,Republican,-1.2,-2.4,-2.6,Yes,No,Yes,Yes,Yes,2024
49998277,Joseph Johnson,31,Male,White,Middle,Urban,Independent,-1.7,0.1,2.7,No,No,Yes,No,Yes,2024
92043667,Maria Rodriguez,20,Female,Hispanic,Low,Urban,Independent,0.3,-1.7,2.1,NA,NA,NA,NA,Yes,2024
45802640,Elena Garcia,43,Female,Hispanic,Low,Rural,Democrat,1.9,1.6,0.2,No,No,Yes,No,No,2020
83368812,Li Hao,45,Male,Asian,Middle,Suburban,Democrat,1.8,3.0,2.4,No,Yes,No,Yes,Yes,2024
71184773,Linda Brown,30,Female,White,Middle,Urban,Republican,-2.5,-3.0,-2.1,Yes,No,No,No,Yes,2024
49653015,Darnell Anderson,83,Male,Black,High,Rural,Democrat,1.0,2.0,0.8,Yes,No,No,Yes,Yes,2024
83653966,John Garcia,19,Male,White,High,Suburban,Republican,-2.5,-2.7,-2.8,NA,NA,NA,NA,No,2014
17507962,Nancy Garcia,77,Female,White,High,Urban,Democrat,2.5,2.7,1.8,Yes,Yes,Yes,No,No,2020
57461820,Sung Yoon,36,Male,Asian,Middle,Rural,Republican,-2.1,-1.5,-2.2,Yes,No,No,Yes,Yes,2024
98952434,James Brown,44,Male,White,Low,Urban,Republican,-2.4,-2.0,-2.5,Yes,No,Yes,Yes,No,2022
58135437,Richard Miller,78,Male,White,Middle,Rural,Republican,-2.6,-1.6,-1.8,Yes,No,No,Yes,Yes,2024
52164778,Jennifer Williams,69,Female,White,Low,Urban,Democrat,2.4,2.5,2.6,Yes,No,No,Yes,Yes,2024
57231292,Charles Rodriguez,37,Male,White,High,Rural,Republican,-3.0,-1.9,-1.9,Yes,Yes,Yes,Yes,Yes,2024
47958944,Linda Rodriguez,51,Female,White,Middle,Urban,Democrat,2.2,2.4,2.3,Yes,Yes,Yes,No,Yes,2024
40734825,Michael Smith,39,Male,White,High,Rural,Republican,-2.7,-2.8,-2.0,No,Yes,Yes,No,Yes,2024
45487042,Elizabeth Jones,84,Female,White,Low,Suburban,Democrat,2.2,3.0,2.1,No,Yes,Yes,Yes,No,2022
44111725,Elizabeth Jones,66,Female,White,High,Urban,Republican,-1.5,-2.4,-2.8,Yes,Yes,Yes,Yes,Yes,2024
17871994,Nancy Davis,70,Female,White,Low,Urban,Republican,-1.9,-2.5,-2.3,Yes,No,Yes,No,Yes,2024
71014180,Jennifer Garcia,45,Female,White,High,Urban,Republican,-2.5,-1.5,-1.7,No,No,Yes,No,No,2020
68885112,Carmen Sanchez,58,Female,Hispanic,Middle,Suburban,Democrat,1.2,2.3,1.2,No,Yes,Yes,Yes,Yes,2024
61852526,Mary Smith,23,Female,White,Middle,Urban,Democrat,2.5,2.4,1.7,NA,NA,No,No,Yes,2024
14196757,Patricia Rodriguez,58,Female,White,Low,Suburban,Republican,-1.6,-3.0,-1.5,Yes,Yes,Yes,Yes,Yes,2024
60930978,Maria Garcia,71,Female,Hispanic,Middle,Urban,Independent,-0.2,3.0,-0.9,No,No,Yes,No,Yes,2024
95908746,Karen Johnson,60,Female,White,High,Urban,Republican,-2.2,-2.8,-1.6,Yes,Yes,No,No,Yes,2024
13587010,Juan Rodriguez,48,Male,Hispanic,Middle,Suburban,Independent,-1.6,-0.7,0.5,Yes,No,Yes,No,Yes,2024
95178100,Robert Wilson,39,Male,White,Middle,Rural,Republican,-1.8,-2.4,-1.1,Yes,Yes,Yes,Yes,Yes,2024
66657878,Wu Hui,73,Female,Asian,High,Suburban,Republican,-2.5,-1.8,-2.2,No,Yes,No,No,No,2018
26502615,Joseph Johnson,50,Male,White,Middle,Rural,Republican,-3.0,-2.7,-2.6,No,No,No,No,Yes,2024
22437381,Michael Davis,29,Male,White,Middle,Suburban,Republican,-1.6,-2.0,-1.9,Yes,No,Yes,No,Yes,2024
51738478,Alejandro Perez,39,Male,Hispanic,Low,Urban,Democrat,1.7,1.7,0.9,No,No,Yes,Yes,Yes,2024
12355893,LaToya Moore,19,Female,Black,High,Urban,Republican,-1.4,-2.0,-1.8,NA,NA,NA,NA,No,2014
85951987,Luis Perez,37,Male,Hispanic,Middle,Suburban,Democrat,1.3,1.4,1.3,Yes,Yes,Yes,No,Yes,2024
64840147,Sarah Johnson,36,Female,White,Middle,Urban,Democrat,2.0,2.1,2.1,Yes,Yes,No,No,Yes,2024
30026593,David Brown,66,Male,White,Middle,Suburban,Independent,-1.3,-2.9,-2.0,Yes,Yes,No,Yes,Yes,2024
74440339,Ana Torres,74,Female,Hispanic,High,Urban,Republican,-2.0,-2.2,-2.0,No,No,Yes,No,Yes,2024
70736978,Charles Brown,82,Male,White,Low,Urban,Independent,0.4,1.5,3.0,No,No,Yes,No,No,2020
56590750,Linda Wilson,59,Female,White,Middle,Suburban,Independent,0.7,0.6,-0.6,No,Yes,No,No,Yes,2024
27391143,Linda Brown,30,Female,White,High,Suburban,Republican,-0.8,-2.3,-1.6,Yes,Yes,No,Yes,No,2022
15663740,Richard Brown,52,Male,White,Low,Rural,Republican,-3.0,-2.8,-2.4,No,No,Yes,No,Yes,2024
87122330,John Jones,42,Male,White,Low,Urban,Republican,-2.0,-2.8,-1.6,No,No,Yes,No,Yes,2024
